area_type,area,sex,sex,agegroup,agegroup,agegroup,ethnicity,ethnicity,ethnicity,ethnicity,religion,religion,religion,religion,religion,religion,nationality,nationality,marital,marital,marital,marital
,,male,female,child,working,elderly,bumi,chinese,indian,other,muslim,christian,buddhist,hindu,other,atheist,local,foreign,never_married,married,widowed,divorced
country,Malaysia,52.28839550552379,47.71160449447621,26.41766046786205,68.29324458658225,5.289094945555705,69.39546445855275,23.16270344631048,6.717155669309187,0.7246764258275932,63.518400635367065,9.064055547157343,18.697297178185547,6.069737206865823,0.8788135006873434,1.771695931736872,91.70635784671092,8.293642153289086,35.819630031224776,58.46211620869145,4.038933289237702,1.679320470846068
district,Alor Gajah,51.63741798873899,48.36258201126101,19.2728468534946,74.57169669067518,6.155456455830219,79.77996029944082,12.048989971067892,7.884323468739053,0.2867262607522348,76.69877604709733,1.0876016618810054,11.34281910200677,7.490896549511541,0.4339177721811386,2.9459888673222223,92.73127576637418,7.26872423362582,42.73238419477974,50.90993500464253,4.660579799855566,1.6971010007221707
district,Asajaya,51.00577277867048,48.99422722132952,25.063976670832588,65.38713325001487,9.548890079152532,95.35100093040008,4.60097842072091,0.0150064527746931,0.0330141961043248,88.34136761292626,7.974766410759983,3.56186395286556,0.0029756591084925,0.1071237279057311,0.0119026364339701,99.14598583586265,0.8540141641373564,35.194377159194694,56.967001548663774,5.948457292618036,1.890163999523488
district,Bachok,48.452520217689845,51.54747978231016,27.43756675652307,66.4627943644779,6.099638878999033,98.78947031320054,0.8672260295907256,0.0717350925510792,0.271568564657657,98.63371649458318,0.1017242256243324,1.006434057270739,0.0635776410152077,0.0114439753827373,0.1831036061237983,99.26377091704389,0.736229082956106,41.76928346830151,51.801429901452735,5.168900521720801,1.260386108524953
district,Bagan Datuk,55.44241106480643,44.55758893519358,17.470556260192062,75.14525578305249,7.384187956755451,56.55280227088847,19.664577705250743,23.49053110815517,0.2920889157056073,56.86295826538624,1.0448752793380442,18.31732801836081,21.50147973666727,0.3708401280425198,1.9025185722051097,88.08721386724649,11.91278613275352,43.68837765162832,47.865252464893935,7.257245294293398,1.189124589184344
district,Baling,51.24822108340402,48.75177891659598,27.18394873916,66.03548719530576,6.780564065534237,92.12868878266596,3.018290064974096,3.232246615336177,1.6207745370237856,91.13661378406232,0.2825235027305932,4.244161998836256,3.249370806839452,0.1682522100628842,0.9190776974685052,97.97045771611646,2.0295422838835413,35.019159329569725,57.82119909127251,6.222638234806603,0.9370033443511666
district,Bandar Baharu,51.20237773574709,48.79762226425291,25.155363415293163,66.250112582185,8.59452400252184,84.14178671677453,9.606328438536664,6.057020901477718,0.1948639432110794,84.02233630550302,0.1936413581914797,7.970818697649284,5.7709628028460775,1.3960190939385753,0.6462217418715662,97.0616049716293,2.9383950283707105,34.49248975876195,56.93521468669398,7.492034592626308,1.0802609619177668
district,Barat Daya,50.561121907309726,49.438878092690274,22.283774575372888,71.80593762881828,5.910287795808832,56.93105871714869,36.639464978759406,5.951395075047114,0.4780812290447775,57.95834069437784,5.841304292961159,28.27229975855774,5.087112703900933,2.219670393458345,0.6212721567439787,93.96604665640326,6.033953343596733,34.09162255490967,60.343259831779946,3.9473256909037766,1.6177919224066075
district,Batang Padang,53.95126119517288,46.04873880482712,23.968754282581884,66.66156115728462,9.369684560133496,69.05140300866948,17.401175550566332,12.867990212154082,0.6794312286101091,56.466396343380445,5.732412191956405,16.610371707954112,9.964610758651824,2.7295665422534645,8.496642455803755,95.86776193278462,4.132238067215375,36.045003602505126,55.00969905226404,7.260433409078312,1.6848639361525246
district,Batu Pahat,52.81423997351303,47.18576002648697,21.383984269327208,72.11197202718144,6.504043703491353,68.01499753839141,30.120414582182253,1.4855646543106098,0.3790232251157171,66.78328737145142,2.9404164429137274,26.210587518018,2.7221816214382906,1.1244846952989676,0.2190423508796014,93.90416241031376,6.0958375896862345,40.88301219436962,54.324322934874246,3.504853071212651,1.2878117995434823
district,Bau,51.93283057576505,48.06716942423494,20.22491119427084,70.53739338563531,9.23769542009384,82.80640465793304,16.79573022804464,0.180494905385735,0.2173702086365842,11.842030279429364,72.98596204623597,13.713124252037307,0.0265942290522956,0.6705544896757404,0.7617347035693255,97.87626085139524,2.1237391486047525,40.42746052192167,52.35198702351988,5.445827966222986,1.77472448833548
district,Beaufort,51.18733160758624,48.81266839241376,26.95071054994981,67.27904273865497,5.770246711395214,93.05007674321864,6.018963464490124,0.1635276060419147,0.7674321862493365,80.21950446404988,13.82006445137091,5.375349992075651,0.2179195942733371,0.0898092873368904,0.2773522108933383,92.07168894289184,7.928311057108141,35.561100864344866,58.86224729666196,4.345231637192145,1.23142020180102
district,Belaga,57.585992356235,42.41400764376501,20.598169051639854,76.55763932094925,2.844191627410897,97.50909743221771,1.7938598739172775,0.0410025114038234,0.6560401824611758,10.194649364500934,86.18789440938583,0.5555061772286908,0.0222202470891476,0.0444404941782952,2.9952893076171008,86.70784819127189,13.292151808728114,38.4369552585706,58.22196397443346,2.2312608948285884,1.1098198721673445
district,Beluran,54.0356564019449,45.96434359805511,33.580551053484605,64.66645056726094,1.752998379254457,98.18859639091554,0.569494316492464,0.0937721565308876,1.148137136061112,82.5257698541329,16.53808752025932,0.1815235008103727,0.2178282009724473,0.0090761750405186,0.5277147487844408,56.69108589951377,43.30891410048622,28.994106888843728,67.29323308270678,2.6823816297500507,1.0302783986994513
district,Beluru,53.78288900505315,46.21711099494685,22.868095487018643,70.92176337341,6.210141139571354,97.11988953000936,2.4066676530058686,0.0937022241949006,0.3797405927898604,38.23662658999826,55.253528489283845,0.8712319219376198,0.0104547830632514,1.9794389266422725,3.648719289074752,70.66387872451647,29.33612127548353,29.83093474919659,63.69055935913558,4.051977085370965,2.426528806296865
district,Bentong,56.64688910007792,43.353110899922086,25.202270567385,67.9106841668165,6.887045265798508,61.59638971178604,29.07241802560056,8.475686849949703,0.8555054126636951,59.1178006661016,1.6729595287630887,27.148348872849937,8.420448805212374,0.5830529370970642,3.0573891899759413,92.77219839210952,7.227801607890479,44.2000298346472,49.37289866547328,4.437330028572412,1.9897414713071016
district,Bera,53.43652241254573,46.56347758745427,25.846520680273493,65.56752295260708,8.585956367119435,67.48765250384326,27.8099412335503,4.184520110337007,0.5178861522694317,62.23137043113199,1.1555274768945454,25.758888085024,4.048422103793676,0.8386235568643834,5.967168346291409,93.46016283358978,6.539837166410223,35.24500505379173,56.555390941943706,5.935782230037523,2.263821774227047
district,Besut,50.86788438586477,49.13211561413523,30.10092885683151,63.92377147008458,5.975299673083908,98.75877956587074,0.8605795009962863,0.0642124704589536,0.3164284626740191,98.73449743137355,0.1530797571480463,1.00150485184993,0.0901613823880442,0.0103782886202065,0.0103782886202065,97.98466607856363,2.015333921436356,37.0501759827639,54.90662233820265,6.696631717758936,1.3465699612745052
district,Betong,51.99019364790789,48.00980635209211,20.52722915461532,68.91166019337246,10.56111065201223,96.21759928801868,3.6655912782289466,0.0222494159528312,0.0945600177995327,42.94686389554583,54.13877640966312,2.4984161088615267,0.019282152990111,0.1515026306365865,0.2451588023028399,99.04415613034736,0.9558438696526456,39.7871824200201,52.4557207722436,6.093376312779453,1.6637204949568472
district,Bintulu,54.13499322682848,45.86500677317152,24.12032735129809,72.68788553899891,3.191787109702988,78.99409739301525,20.49065420560748,0.176463354648303,0.338785046728972,32.6091824054275,58.64726890050714,6.572775209072692,0.1942388858412727,0.4047109926894529,1.5718236064619413,91.0403815366703,8.959618463329713,37.20011353111649,58.95252606734188,2.275103821218368,1.5722565803232649
district,Bukit Mabong,61.08321024126047,38.91678975873954,22.107336287543085,68.45888724766125,9.433776464795669,98.03112099079073,1.778342330898698,0.0423414840690166,0.1481951942415581,6.499261447562777,90.97981290004924,0.9847365829640572,0.0590841949778434,0.1181683899556868,1.3589364844903988,93.02806499261447,6.971935007385524,30.78381795195955,61.49178255372946,5.486725663716814,2.237673830594185
district,Cameron Highlands,56.981335247666905,43.018664752333095,26.04861039893344,68.84165726592144,5.109732335145114,51.3917296576256,34.60204535349044,13.087298058396325,0.918926930487624,39.86514203671418,4.358527330530202,30.11998769356989,12.485898882165932,4.361091170136397,8.809352886883397,86.49112911496258,13.508870885037432,34.189056126037414,61.89689126459418,3.2423688282458856,0.6716837811225207
district,Dalat,51.69527592566322,48.30472407433678,22.56111978058353,67.46110559417411,9.97777462524235,93.74727193365344,6.165429943256219,0.0218245307725883,0.0654735923177651,58.462193218896296,31.89577717879605,2.458977632761148,0.0094576062798505,0.1087624722182815,7.064831891048376,86.66950394855061,13.330496051449378,35.5581338544211,56.17366878358574,6.460674157303371,1.8075232046897896
district,Daro,54.05349899881912,45.94650100118088,25.73805000770139,67.21260974482723,7.049340247471377,98.19465339659762,1.440805462330749,0.0231454692743895,0.3413956717972456,89.82389485033629,9.277609488114186,0.6366483544693742,0.0154027827694203,0.2156389587718848,0.0308055655388406,88.73029727370745,11.26970272629255,40.81858407079646,52.30918141592921,4.756637168141593,2.1155973451327434
district,Dungun,51.39442231075697,48.60557768924303,28.91544931385569,66.55346866502245,4.531082021121862,97.56570721458128,2.1507108882558423,0.0844300648371337,0.1991518323257582,97.5425282995004,0.2883703282109656,1.939543413647,0.122683867703788,0.0531208499335989,0.053753241004237,98.1205337380636,1.879466261936381,39.10962140189165,55.08348413667687,4.68901824794744,1.1178762134840476
district,Gombak,52.184634974533104,47.815365025466896,36.88486842105263,60.78448641765705,2.3306451612903225,64.57512308237095,22.90257359240601,10.909267445712391,1.6130358795106403,66.53777589134125,4.130730050933786,18.2937181663837,9.549766553480476,0.8765916808149405,0.6114176570458404,92.89367572156198,7.106324278438031,31.38822638910436,64.62904652879473,1.7165516218506165,2.266175460250297
district,Gua Musang,53.73162161631628,46.268378383683725,36.08248434524861,59.7540388277094,4.163476827041988,93.7277180064955,5.033482497064331,0.8822876003681488,0.3565118960720217,86.30430088530319,1.4378815538935674,4.5678503425397015,0.7508391731935693,2.3771666372219933,4.561961407847988,92.77722160061244,7.222778399387551,36.759452936444085,57.863234111021725,4.119066773934031,1.2582461786001609
district,Hilir Perak,53.46191505998211,46.538084940017896,20.43336456300763,69.13827231806367,10.428363118928704,57.40908142688269,28.981912863423187,13.109890364601442,0.4991153450926763,53.79651871314957,1.7547320000845317,25.25658816982368,11.949224776167766,0.8565853521087075,6.3863509886657415,91.17350784381406,8.826492156185942,37.11260772786941,53.92766775107965,6.862241500675379,2.0974830203755497
district,Hulu Perak,51.9657957844251,48.03420421557491,28.164836551811185,64.19916698220372,7.635996465985107,88.88444232932422,7.516007614432811,1.8884658648438173,1.711084191399152,80.49981067777358,1.576633430098027,8.330177962892844,1.4451596617442888,0.9560772434683832,7.192141024022887,97.24430981530566,2.7556901846943496,34.91998730676821,57.40665185789625,6.506792390105323,1.166568445230216
district,Hulu Terengganu,53.02013422818792,46.97986577181208,25.86110673859848,66.31845566033687,7.820437601064667,99.37257516973813,0.2242967992240543,0.0181862269641125,0.3849418040737148,98.41874043015984,0.0958772770853307,1.037477998311415,0.1130493267125541,0.0057240165424078,0.3291309511884489,94.4233768835592,5.576623116440806,37.29540821279488,54.3811280458208,6.768274924764587,1.5551888166197456
district,Jasin,53.80914457966131,46.19085542033869,19.72659720805333,72.3635454168504,7.909857375096258,81.61945479845134,9.333025717190214,8.66900743325571,0.3785120511027318,77.72102911074985,1.080711084199372,8.620020139926417,8.254737160796909,0.4264925594160737,3.897009944911377,91.28849457340873,8.711505426591284,40.7703851925963,52.239050559762646,5.773576443394111,1.216987804246951
district,Jelebu,54.35042233947844,45.64957766052157,30.25644366273641,60.8516274726945,8.891928864569083,71.17332159162012,24.052745011703088,4.273365623044658,0.500567773632129,66.97066423468613,1.4461598592925542,21.34931491976636,3.776084077041669,0.3018261568193168,6.155950752393981,93.6985646971967,6.3014353028032914,30.26599113362888,60.69031032298924,7.127929069031032,1.9157694743508549
district,Jeli,50.0823331381733,49.917666861826696,26.90646955503513,68.16086065573771,4.932669789227166,99.25646369627668,0.2666216038603804,0.3285829625039899,0.148331737358944,98.4832406323185,0.4445989461358313,0.2104069086651054,0.272614168618267,0.0146370023419203,0.5745023419203747,97.44401346604216,2.5559865339578454,46.880692167577415,46.38990082979154,5.380995749848209,1.3484112527828374
district,Jempol,51.757482370144416,48.24251762985558,26.97819951414712,64.53431237666962,8.487488109183248,69.62616438918297,17.303951741967253,12.680044318601505,0.3898395502482663,67.98323886194075,1.561333029347715,15.297290073035166,12.509532307643928,0.8396292423682576,1.8089764856641952,95.79084741232242,4.209152587677576,30.488410774847168,62.1281835266671,6.182360184045104,1.2010455144406282
district,Jerantut,53.26958731745932,46.730412682540674,27.90346436681041,65.44174322438181,6.654792408807783,84.29367621889674,12.176899109141177,2.91723351033484,0.6121911616272435,81.68031164718872,0.674957815136554,11.49615649021936,3.161260754536175,0.2083203133137512,2.7789929796054413,94.93989958960898,5.060100410391017,36.636413881374175,56.451988247956486,5.791663030514589,1.1199348401547546
district,Johor Bahru,53.02242706980109,46.97757293019891,26.31389482530004,70.15599076900241,3.530114405697552,52.06593355385911,38.17715486488546,9.130283377507755,0.6266282037476787,51.61218122348703,4.438838212683447,33.08292294664944,9.12060664180679,0.8820757004916459,0.8633752748816467,92.80220618271134,7.19779381728866,34.022520900137884,61.60499096403225,2.504605249587868,1.8678828862420047
district,Julau,49.65107937129068,50.34892062870932,22.807017543859647,66.49709776299485,10.695884693145503,97.1853980278195,2.6905243910402925,0.0130607980147587,0.1110167831254489,2.23700515228592,92.3759212156786,1.258723015717733,0.0,1.278288658449097,2.850061957868649,99.86956238179091,0.1304376182090915,25.346400811084823,63.991213247718825,7.730652247380871,2.9317336938154783
district,Kabong,50.34231688763312,49.65768311236688,21.61486633340578,67.99065420560748,10.39447946098674,95.51741103154212,4.37325753020281,0.0,0.1093314382550702,50.77157139752227,42.18648119973919,3.1351880026081287,0.0054336013910019,0.3912193001521408,3.5101064985872634,99.39687024559878,0.6031297544012171,34.7913489532788,56.47442118397338,7.126022459448218,1.608207403299598
district,Kalabakan,54.99118165784832,45.00881834215168,32.1278140885984,66.60441954559602,1.2677663658055816,98.4216524216524,0.4159544159544159,0.0284900284900284,1.1339031339031338,92.04896773524224,7.457205104263928,0.0622471210706504,0.136943666355431,0.0020749040356883,0.2925614690320572,36.41456582633053,63.58543417366946,30.538518352011817,65.35756719437398,2.9510934138274303,1.1528210397867764
district,Kampar,51.177936231414336,48.822063768585664,19.387837783089577,69.54482842442167,11.06733379248876,39.882435828680194,49.29282732368003,10.453536914939484,0.3711999327002955,35.50925738362435,4.972045537414415,45.77745816959041,8.69829437264514,1.2650407162824615,3.77790382044322,96.31831625005064,3.6816837499493578,42.59127625201939,49.587075928917606,6.717932148626818,1.1037156704361877
district,Kanowit,49.99595141700405,50.00404858299595,23.481781376518217,65.0,11.51821862348178,91.02050922296044,8.83505962943094,0.016506416869558,0.1279247307390748,7.145748987854252,84.83805668016194,5.9311740890688265,0.0647773279352226,0.1295546558704453,1.890688259109312,98.10931174089067,1.890688259109312,28.05820105820106,60.84126984126984,8.46031746031746,2.6402116402116405
district,Kapit,50.33028032195392,49.66971967804607,26.205939494865387,66.25589786289203,7.538162642242575,92.89341525685268,6.9634991442920064,0.0673343994613248,0.0757511993939904,6.525117957257841,89.56147654732167,3.513738551207328,0.0277546489036913,0.3219539272828199,0.0499583680266444,98.92589508742714,1.074104912572856,30.68301489393712,60.91845945539342,5.600270798856627,2.798254851812848
district,Kecil Lojing,51.927608634178526,48.072391365821474,38.18456027900839,59.43067207088322,2.3847676501083983,94.02405898331394,0.0970120294916569,5.723709740007761,0.1552192471866511,57.74342539353378,3.317937600150815,0.3110566500141389,0.1413893863700631,2.545008954661137,35.94118201527005,97.1627863135074,2.8372136864926003,35.37404580152671,58.473282442748086,4.366412213740458,1.786259541984733
district,Kemaman,52.42042471078291,47.5795752892171,32.37422419311445,64.55919325361116,3.0665825532743924,95.7201377316538,3.765049392261479,0.3596966830106948,0.1551161930740379,95.41891252516444,0.2926960506906885,3.7252646324832313,0.4346374001540017,0.0306148008646361,0.0978745906430035,96.59016058854635,3.409839411453646,32.96900579163858,62.2270982652598,3.679960380239645,1.1239355628619774
district,Keningau,51.64881035202449,48.35118964797551,31.680216263491623,65.22159719599541,3.0981865405129634,93.49249597326548,5.454531769806265,0.1106411163462841,0.9423311405819572,42.87238201249611,52.728140094217736,3.905861774235226,0.2988199593180809,0.0337911705659027,0.1610049891669482,88.03063732797976,11.969362672020248,34.18684785246299,61.32492113564669,3.155544770686727,1.3326862412035914
district,Kerian,51.50524189670097,48.49475810329903,22.85154371453304,68.14886505722805,8.999591228238915,77.44550845295652,15.756037159408386,6.3753398916080215,0.4231144960270793,76.82745022602674,0.658843897278061,14.590146196018082,5.853852072713283,0.6907040492449745,1.3790035587188614,96.61020005770897,3.3897999422910456,37.02047353981319,54.55857398861348,7.049970661465024,1.3709818101083149
district,Kinabatangan,55.620772541785456,44.379227458214544,32.253759293420536,66.82178992677063,0.9244507798088212,91.80971981851349,0.7390429861078629,0.2128256700500491,7.238411525328593,91.7491195706859,8.053133210352732,0.0761641232042037,0.0887416848342557,0.0083850410867013,0.0244563698362122,29.877298898764604,70.12270110123539,35.73147733311106,61.005240838951,2.0671619242110086,1.1961199037269346
district,Kinta,51.85116009032738,48.14883990967262,23.23691136147044,67.40180497250685,9.361283666022704,48.03657020701963,38.38094283757894,13.15721037650994,0.4252765788914894,46.112648196884,3.99801072722097,33.54456229810513,10.32137781893342,1.359748955575533,4.66365200328095,94.31920852146852,5.680791478531494,33.83981724509666,58.06659665392724,5.900403527033527,2.193182573942578
district,Klang,54.24834380527154,45.75165619472846,28.67976439516521,67.78524476051066,3.534990844324124,54.70023094874714,25.38922131511584,19.133215436420457,0.7773322997165629,55.72601662898483,3.7974474306253225,21.36229477786696,16.93680655168044,1.6573885477830774,0.5200460630593732,90.97784822332136,9.022151776678648,33.51802595611335,62.27835240142085,2.1932797329897435,2.010341909476048
district,Kluang,55.384510844385694,44.61548915561431,23.20006671567386,69.46553332386135,7.334399960464785,59.11559722878396,31.836568602770527,8.566768167569599,0.4810660008759194,59.90665983036922,2.0978373002390645,28.329451881320228,8.74593065276345,0.3934989282250542,0.5266214070829808,89.56610102482688,10.433898975173122,33.61253932620433,59.58794988775436,5.352789243729935,1.446721542311375
district,Kota Belud,50.3016513898343,49.6983486101657,29.8742109042082,63.98925804015181,6.136531055639996,97.80847145488028,1.7485703208296983,0.0756033730735679,0.3673548512164389,65.04107494195426,34.221347780274705,0.423337653739638,0.1277472655557938,0.0158518504704269,0.1706405080051845,96.20208311964416,3.797916880355828,38.14905923808257,56.23562263147397,4.200518582541054,1.4147995479024
district,Kota Bharu,49.98713466497048,50.01286533502952,26.57078543320192,66.94976401556796,6.479450551230125,96.35815040833305,3.09973169571613,0.2552655404375508,0.2868523555132766,95.65043715148886,0.5246897474975574,2.8235361857790364,0.2139424244768846,0.0611778169235835,0.7262166738340677,97.9800524329878,2.0199475670122014,42.84487678983548,50.12879370672755,5.474352929498473,1.5519765739385067
district,Kota Kinabalu,51.30460152551552,48.695398474484485,27.48885438460816,69.25408805785528,3.2570575575365543,79.83924562408319,18.68201711458945,0.488643036836725,0.9900942244906344,60.91630846826972,29.64224123288191,8.365955865161535,0.2961506411601431,0.1854438562730181,0.5938999362536744,82.69017487275714,17.30982512724286,36.61138727599315,59.41907904813624,2.374089700210257,1.595443975660359
district,Kota Marudu,51.39368312046945,48.60631687953055,32.875963640547695,62.32165458520308,4.802381774249223,97.28623476318276,2.163515600401817,0.0659699836574358,0.4842796527579951,39.3553676216776,58.3347716028075,0.9636405476930158,0.1366356000460246,0.1308825221493499,1.07870210562651,95.92825911862846,4.071740881371533,31.389019843140613,61.5673081044015,4.836497664252346,2.2071743882055457
district,Kota Setar,49.76005945713285,50.239940542867146,27.283445305586675,64.91895490187167,7.797599792541658,74.55828725380796,23.08480386320404,2.0229765388992416,0.3339323440887606,73.42554892247314,0.6261178288522153,21.715220651729307,1.747889993610497,0.4285511868702396,2.0566714164646,96.55127242007106,3.4487275799289403,30.60539134117932,61.65363204550268,6.073956978186549,1.6670196351314557
district,Kota Tinggi,53.25161209090664,46.74838790909337,23.63275804696424,68.2604707215512,8.106771231484561,88.0143833153542,8.932038834951456,2.6565983459187343,0.3969795037756202,87.32316464462052,1.0459479634143052,8.235828439352105,2.824419242564596,0.2450737919435925,0.3255659181048825,93.7913140452015,6.2086859547985,34.04101199029469,58.359049256790186,6.372052484040423,1.2278862688747023
district,Kuala Kangsar,50.74236055890038,49.25763944109963,25.02385550380552,66.02237873452232,8.953765761672157,66.48906337633203,19.829056833052903,13.424822396709663,0.2570573939054028,64.26445529932977,0.8394865386799955,19.216176303532887,12.19584232647961,0.5055094854027036,2.9785300465750315,97.22140179484266,2.7785982051573326,36.54300824389485,54.78301446570229,7.251516565562296,1.4224607248405663
district,Kuala Krai,50.34235812850572,49.65764187149428,28.918072128524763,64.59188435056711,6.49004352090813,95.43923756851514,3.494148437114217,0.8355142955903412,0.2310996987803071,94.8517717866428,0.2618873027512451,3.392154808727037,0.8780367023150838,0.0695191749121487,0.5466302246516899,96.42690487300848,3.5730951269915336,35.67542633871034,55.92125791965703,6.74951498460161,1.6538007570310276
district,Kuala Langat,52.48350132867565,47.51649867132435,26.853234194939645,69.60991904348364,3.5368467615767165,70.50357485530347,18.261509520910927,10.87553863560549,0.359376988180108,68.57527589941746,1.729067259935794,15.493301328025137,10.402700935764956,2.470328412191941,1.3293261646647083,94.57861303826,5.421386961739996,32.013822554363095,63.8440935738233,2.67086213032159,1.4712217414920117
district,Kuala Muda,51.38169193957987,48.61830806042013,29.87849184563217,65.73312244029182,4.388385714076009,71.80000156910741,16.284196734687473,11.489985171934944,0.4258165242701689,69.065146866697,1.0991148363988668,14.954200490289624,10.597558827415115,0.7093786239596025,3.5746003552397867,93.55210428196057,6.447895718039429,31.41863496446454,62.9378549756529,4.3871614899814535,1.256348569901096
district,Kuala Nerus,49.77273039370511,50.22726960629489,26.099614122299887,68.90732069046017,4.993065187239944,98.2767882682071,1.2334568185465022,0.3558048515037987,0.1339500617426065,98.11592809766414,0.2382554482910149,1.161752791090482,0.3508603287513218,0.0446299831092679,0.0885733510937779,98.41735213743289,1.5826478625671163,43.86121575740663,50.49439560950654,4.589553974233756,1.0548346588530766
district,Kuala Penyu,50.033741037536906,49.96625896246309,28.80641079713201,65.60944749051033,5.584141712357655,98.0121040773954,1.175067367584044,0.0662631974201528,0.7465653576003888,64.34415858287642,33.47532686630114,2.075073808519612,0.0253057781526781,0.0379586672290172,0.0421762969211303,95.47448334036272,4.525516659637284,33.55105465004794,60.54050814956855,4.392377756471716,1.516059443911793
district,Kuala Pilah,51.1652045328518,48.83479546714821,22.954316019962747,68.56435995506959,8.481324024967654,81.01664745619283,13.421555610674217,5.252483987218955,0.3093129459140051,79.37467119762267,0.732251780864768,12.842132203438029,5.132871706644297,0.7521576545193442,1.1659154569108927,97.45204817221423,2.547951827785756,38.03863573343192,54.877530270819854,5.416397079212497,1.6674369165357243
district,Kuala Selangor,51.14212792542712,48.85787207457288,29.16144559495369,66.82699646091207,4.011557944134237,81.86750577195203,8.082967155730989,9.736352126312656,0.3131749460043196,81.48173127779887,1.0507221940215326,7.432439627845558,9.173940669693408,0.3180564479200315,0.5431097827205895,95.32464121031838,4.675358789681624,33.40758148564422,61.59548380504752,3.4898334525390826,1.5071012567691835
district,Kuala Terengganu,50.4175715137457,49.5824284862543,25.97255647768963,66.53335132147566,7.494092200834708,96.43239749617078,3.188221024020116,0.2381648029606806,0.1412166768484333,96.03840178256688,0.3590375183326733,3.0411565795257225,0.3542503514215709,0.0443900931756759,0.1627636749774785,98.3083892924132,1.6916107075867892,39.21661105281154,52.49554892643643,6.9660775135300845,1.3217625072219406
district,Kuantan,52.04082377457511,47.9591762254249,28.116799935768068,68.20446192980472,3.678738134427223,82.65710994496352,14.1511884415868,2.684816407044067,0.5068852064056136,82.05611535471722,1.5366395749013713,12.864269890915194,2.484060626188382,0.2872189396621254,0.7716956136157105,96.9471582842774,3.052841715722592,34.36891822537945,60.94732135144336,3.3415143523529327,1.3422460708242503
district,Kubang Pasu,49.342401339171175,50.65759866082882,24.577408215882468,67.97092854529167,7.45166323882587,89.96257245089801,6.469247896866309,2.127392287499025,1.4407873647366642,89.17222902182462,0.7928196198671765,7.002468886561602,1.8876257050206304,0.0841187925588516,1.0607379741671188,97.09243393520327,2.907566064796706,35.59146210831351,57.740142298194776,5.48614791344842,1.1822476800432984
district,Kuching,50.50286849254356,49.49713150745644,21.90116627407852,70.04440213064568,8.05443159527581,62.82767160413065,36.49962952332,0.4275501144806317,0.245148758068715,40.64198422534287,32.7021281834522,24.590572959841104,0.2698598993770569,0.3982239147741729,1.397230817212597,98.36229183936442,1.6377081606355826,39.50681580972663,54.050161829357,4.161808271746809,2.281214089169557
district,Kudat,50.82860780002314,49.17139219997686,32.745052655942594,62.53327161208193,4.721675731975465,93.6381151672132,5.998239189516798,0.0497620353948426,0.3138836078751611,57.96435597731744,37.08135632449948,4.171970836708714,0.1076264321259113,0.1851637541951163,0.4895266751533387,90.69899317208656,9.301006827913437,37.36211869591819,56.99851411589896,4.076566733677126,1.562800454505725
district,Kulai,53.94100705014007,46.05899294985994,20.86635083172229,74.76699332619113,4.366655842086574,55.02392852967952,33.744009011721616,10.706732932103904,0.5253295264949576,55.12827127409354,2.956324336792141,27.86337963623341,11.509361238493826,1.141133303186372,1.4015302112007089,85.6757421160132,14.324257883986805,46.17104591983493,49.76355484645447,2.775593797581471,1.2898054361291262
district,Kulim,51.24119408111958,48.75880591888042,30.9077018291437,65.54416803129413,3.5481301395621543,69.56286830763818,14.878686217598352,15.099827861334136,0.4586176134293289,68.31112914163204,1.1282236547931737,13.704808127948262,13.77025102236015,0.7648823360448209,2.320705717221549,94.26974909608852,5.730250903911472,32.19317054153672,63.02895520272186,3.661043379642756,1.1168308760986674
district,Kunak,53.996777611658665,46.00322238834134,36.42750351995122,61.44891353257951,2.123582947469264,92.01823068832536,1.79385298585953,0.2308051887343695,5.957111137080752,95.98362678356293,3.411086757725749,0.508034197959154,0.0479003672361488,0.0435457883964989,0.0058061051195331,49.682841507845495,50.317158492154505,40.865671641791046,54.23880597014925,3.4695752009184844,1.4259471871412168
district,Lahad Datu,53.1622864823818,46.8377135176182,32.03571646780542,65.92621040595623,2.038073126238337,89.65094707730643,6.919448798954004,0.2697133781942895,3.15989074554528,88.3231938831621,8.020930618230063,3.2604805837530217,0.0881564821199451,0.0702633347589662,0.2369750979758922,63.75241121071144,36.24758878928855,37.19035373149995,58.2830376823764,3.1456649522409994,1.3809436338826493
district,Langkawi,51.726189211583,48.273810788417,26.78408294206378,69.03800803076334,4.177909027172874,91.86024551463645,5.122479586735544,1.9341220907626508,1.0831528078653558,90.81348658352633,0.9985340670080094,4.804648494763007,1.677324778516646,0.0594871359068601,1.6465189402791645,95.62025961885742,4.379740381142578,31.5775424859863,61.69736334786607,4.604502179909244,2.120591986238396
district,Larut Dan Matang,51.84246839575049,48.15753160424951,24.642412012582348,65.64336162383523,9.714226363582409,65.89826781165064,23.83636743764664,9.920785485856763,0.344579264845946,64.45152531307497,1.6599649830850498,21.64260490236809,8.700813104635289,1.0519912160959108,2.4931004807406967,95.8090984628168,4.190901537183216,32.77348515656771,57.62860919072794,7.409516063440423,2.1883895892639287
district,Lawas,51.15287946672494,48.84712053327505,26.70199978144465,65.74964484755765,7.548355370997706,92.63581488933602,6.855418223627479,0.0689853406151193,0.4397815464213854,54.01868648235165,42.04185334936072,3.76734783083816,0.0573707791498196,0.065566604742651,0.0491749535569883,95.04425745820129,4.955742541798711,35.508758852031306,58.50167722698472,4.420424897502795,1.5691390234811775
district,Limbang,51.46579081689266,48.53420918310734,25.667428596791016,67.33982823283992,6.992743170369055,88.02216344399854,11.66089018606348,0.0775264502006567,0.2394199197373221,44.95239786067774,46.69448081489536,6.710902998158053,0.0466034930427642,0.8299860189520872,0.7656288142739841,97.3258471849271,2.674152815072901,33.539334228989404,58.1041946559188,5.851619644723093,2.5048514703687115
district,Lipis,52.96936452080314,47.03063547919685,27.463258124611883,67.21796729455599,5.318774580832126,88.13179193256552,7.951504382590984,3.6144186701626273,0.3022850146808672,74.30863175326019,4.2579176154005385,7.259366590767957,3.4371765679983444,2.238666942661975,8.49824052991099,95.52577106189194,4.474228938108052,36.894783835939975,57.18914715285579,4.421210288314756,1.494858722889484
district,Lubok Antu,50.82814471167541,49.171855288324586,18.935416921010862,67.59044479713506,13.474138281854067,93.97469203050365,5.8367552166261625,0.0419006117489315,0.1466521411212603,6.153094860212429,88.0315793757376,4.427623814756033,0.0203475359134008,0.4802018475562609,0.8871525658242787,97.12285842184512,2.8771415781548857,27.986947791164656,62.47489959839358,7.474899598393573,2.0632530120481927
district,Lundu,53.63362107589832,46.36637892410168,23.558051315750173,68.10239254458018,8.339556139669643,89.2487424955379,10.274217102060684,0.0811293201362972,0.3959110822651306,40.09379013710087,49.73565518683354,7.786970937005287,0.0537650467457212,1.6039905612473493,0.7258281310672362,92.04277308163329,7.957226918366738,34.21381681775555,58.31509846827133,5.3102532041262895,2.160831509846827
district,Machang,49.70547596538434,50.29452403461566,32.721256635881026,60.51105374154607,6.767689622572903,97.99152200242229,1.809373509010166,0.0954233493595625,0.1036811392079861,97.85470147625628,0.1881681332266744,1.7816886044651297,0.1063559013889899,0.0418151407170387,0.0272707439458948,99.07279470583956,0.9272052941604249,42.11879312677581,50.42890001352996,5.812474631308348,1.6398322283858746
district,Manjung,53.878701255582506,46.12129874441749,24.70796875822445,68.29583321523867,6.996198026536884,58.14896433984287,28.680992282633312,12.811612633486057,0.3584307440377681,56.22021483781891,4.229948537718087,22.34094672783296,11.467464581722185,2.35689963032995,3.384525684577916,92.9689809172514,7.031019082748596,33.494189040911834,59.79129811675661,5.038403833665495,1.6761090086660546
district,Maradong,49.88915710133504,50.11084289866496,24.3361741957732,66.83087836839253,8.832947435834278,62.35163950915309,37.25105612552807,0.0150875075437537,0.3822168577750955,22.424749987684123,55.948568895019456,11.241933100152716,0.0098527021035519,1.0394600719247251,9.335435243115423,97.95556431351298,2.044435686487019,32.3846908734053,59.47661105659143,5.685312397775597,2.4533856722276743
district,Maran,52.26653609899403,47.73346390100596,26.897534051455533,63.759458737648,9.343007210896468,96.0603551727025,2.574025321636883,1.052122384810739,0.3134971208498842,93.56360722870114,0.2661800053414048,2.567435235466928,1.3558265823911688,0.0284874922104513,2.218463455888899,95.69749844209026,4.30250155790973,37.04912821265253,53.89430953952999,7.50617465091825,1.550387596899225
district,Marang,50.96522447579434,49.034775524205656,29.139402255477897,65.1893143518717,5.671283392650401,98.46254128280896,1.3088823222666437,0.0347644707109334,0.1938119242134538,98.45804210797137,0.2675700012863942,1.0797135628832384,0.0677500964795677,0.0523133656361219,0.0746108657433214,98.67501393593756,1.324986064062433,36.04068914511573,56.815674292850304,5.814813467670558,1.3288230943634138
district,Marudi,53.55664083236013,46.44335916763988,22.167958381993845,70.5860494744665,7.245992143539653,86.7026764580931,12.144201007464952,0.0788978576197123,1.074224676822237,26.53678734472874,64.783947340482,7.755600382206179,0.0424673532222104,0.4193651130693279,0.4618324662915384,87.46682238029516,12.533177619704851,34.80425589960442,60.36011458191243,3.2192061110353296,1.6164234074478243
district,Matu,54.19220397156166,45.80779602843834,21.22456484432459,70.23780338318215,8.537631772493258,97.22500357602632,2.381633528822772,0.0,0.3933628951509083,75.66192694287815,22.58519244912969,1.0664378524148077,0.0,0.1041922039715616,0.5822505516057858,85.69502329002206,14.304976709977934,38.909204076869216,54.27526647475298,5.3372753442776,1.47825410410021
district,Melaka Tengah,52.655597143024615,47.34440285697539,26.11185075401709,67.87895534510622,6.009193900876686,65.82937019781892,29.4984652753983,3.96534805329468,0.7068164734881035,63.36272367220143,3.672201428487696,25.17621643346982,3.586961072454302,0.5218250479372336,3.6800723454495214,93.35058236412202,6.649417635877984,35.74949564158197,58.28123215713144,4.523048228084199,1.4462239732023905
district,Mersing,53.6338640578042,46.36613594219579,24.024553999616344,68.55681309546647,7.418632904917194,88.94994059833675,9.61091910573496,1.1664326601144832,0.2727076358138028,86.357183963169,1.2686233135110945,8.89187288189782,1.4425474774601956,0.6279173860221242,1.411854977939766,94.72728435321952,5.272715646780485,34.498147524419,57.903334456045805,6.333782418322667,1.2647356012125297
district,Miri,52.45362166853506,47.546378331464936,20.03118006083326,73.7030742093484,6.265745729818343,68.1962688431043,31.195841288252403,0.2959018232462843,0.3119880453970122,28.427295410986147,51.17869469657702,17.64847695849757,0.1418371323987351,0.2985410463803405,2.305154755160179,94.91716791828895,5.082832081711046,39.29233834913011,54.83381447512965,3.87246761873132,2.001379557008916
district,Muallim,47.88884832046735,52.111151679532654,18.607865637387857,75.1877738368454,6.204360525766743,79.27008491182234,8.86131069018071,11.224961898541258,0.6436424994556935,72.40506989359483,6.204360525766743,8.1081785937826,9.478666805758396,1.3783121218443564,2.4254120592530777,95.82724807010224,4.172751929897768,54.61551073946549,39.88522708640761,4.540088539104771,0.9591736350221348
district,Muar,55.0537525097212,44.9462474902788,22.87054921595039,70.92821561999644,6.201235164053168,62.081963012001886,35.74581073192956,1.940517376386338,0.2317088796822278,62.276984268178005,1.631954151523623,32.08694436678781,3.226103641954914,0.4911429079726535,0.2868706635829923,89.25585178031362,10.74414821968638,40.27631318789956,54.47999736373822,4.342417452052989,0.9012719963092336
district,Mukah,53.04316972205796,46.956830277942046,22.989946777055,70.66114725014783,6.348905972797161,91.385112754061,8.320746217240375,0.0741977369690224,0.2199432917296022,47.14370195150799,41.55174452986399,4.040212891780012,0.1371969248965109,2.8764044943820224,4.250739207569485,89.2655233589592,10.734476641040803,36.002580169554,58.21968300774051,4.380144980955891,1.3975918417496007
district,Nabawan,53.18706127200255,46.81293872799746,28.21616282761297,68.76433031147484,3.0195068609122013,99.56209751609936,0.2575896964121435,0.0110395584176632,0.1692732290708371,26.35366326854563,73.25831598998201,0.0776041482944724,0.2680870577445412,0.0,0.0423295354333486,95.85876045010406,4.14123954989594,45.18048588570866,51.91796990262615,2.1048490213435627,0.7966951903216288
district,Padang Terap,52.09138786568845,47.90861213431155,26.28847149076076,66.29121130019179,7.42031720904746,91.80945358957509,0.7966147878632451,0.0448797063584926,7.349051916203177,89.42737982891413,0.3135559682182106,9.84352643916101,0.1019817954884471,0.0167432798563122,0.2968126883618984,94.96331699595116,5.03668300404883,32.26340857320356,59.67695174984469,6.83371298405467,1.22592669289708
district,Pakan,52.77454404346139,47.22545595653861,22.5132583106972,68.52929763290648,8.957444056396326,98.46153846153848,1.291788380395975,0.0,0.2466731580655631,1.3193636010865346,88.30681671193895,0.4009830552321821,0.0,1.0606648557754494,8.912171775966886,99.6313542879317,0.3686457120682965,35.42275269176196,55.93856940155246,5.951089224605625,2.68758868207996
district,Papar,52.29479580797387,47.70520419202612,24.561450085287422,71.85249590155775,3.586054013154838,95.20725388601036,4.011202130431006,0.1157842938605378,0.6657596896980924,70.09763252736167,26.80148937723589,2.8738874471516658,0.0590706657728633,0.0776546954542136,0.0902652870237012,91.71749620022965,8.282503799770355,43.89891825423698,51.89439167394365,2.9244560084115983,1.2822340634077665
district,Pasir Mas,50.67006909002535,49.32993090997466,31.2094226295872,61.78740061799118,7.003176752421622,98.1627745745904,1.4668843078921272,0.0127249910047477,0.3576161265127381,97.98328299135508,0.1002499739610457,1.670398916779502,0.0021699128562996,0.0026038954275596,0.2412943096205256,98.9037600249974,1.096239975002604,40.37225792155994,51.17913329745814,6.955145452818841,1.4934633281630845
district,Pasir Puteh,49.53619718413302,50.46380281586698,32.68653098996012,60.05934325815052,7.254125751889363,98.877882909521,0.4590479006505026,0.0547013601419278,0.608367829686576,98.83149599359562,0.1219180798636867,0.9136511527134118,0.0308467430980412,0.0536145772894526,0.048473453439779,99.35589062626234,0.6441093737376705,38.86197355614126,52.97848839116788,5.970100285436192,2.1894377672546725
district,Pekan,53.97002261509765,46.02997738490236,24.231994585582463,70.35441324551412,5.413592168903415,96.26730191904076,1.3026806351342974,0.9537641359888772,1.4762533098360802,86.33189719209628,0.4580795325112662,1.4427441852787268,1.4122055497779755,0.1023456973538685,10.252727842981892,93.20143944271118,6.7985605572888295,41.256038647343,51.97290243767006,5.467266366816592,1.3037925481703592
district,Penampang,52.9110708251631,47.0889291748369,24.13888786118613,72.04360748332039,3.8175046554934826,75.45223231045175,23.014140515287608,0.3594221437410492,1.174205030519598,33.055236967701354,51.38863196320001,14.363584791643545,0.1751205495332174,0.4075869128220307,0.6098388150998311,88.69609185196148,11.303908148038524,36.21655613994969,59.423899905262815,2.4982849302538304,1.8612590245336644
district,Pendang,53.047855886456,46.952144113544,31.09722811912416,61.64452801196902,7.258243868906815,90.7679620657664,2.9192866714771672,0.4257293062570869,5.887021956499329,90.00626756434362,0.2092557772790683,8.440993914397202,0.3507814237480035,0.4650128383979297,0.5276884818341724,98.06716402822428,1.9328359717757424,29.03745528719661,63.58086735448016,6.126762645224229,1.254914713099004
district,Perak Tengah,51.56122783458281,48.43877216541719,22.17757710974591,70.50743869814852,7.31498419210557,97.13619053908296,0.990556692861388,1.6223117391974289,0.2509410288582183,93.75720343015448,0.9378998234168314,0.8385057045879902,1.429583496346737,0.3552811056009643,2.681526439892993,96.07181753777505,3.928182462224948,44.39381006140375,48.535121293058346,5.9090783930390725,1.1619902524988297
district,Perlis,49.96577566386436,50.03422433613564,20.45421836881549,71.68787405444303,7.857907576741492,88.79531701711228,7.354868829792966,1.84015370526656,2.0096604478281948,87.79998946943503,0.5862014497077769,9.19634238376889,1.27033715358829,0.1842848868841813,0.9628446566158274,97.74294890920898,2.257051090791021,39.32576724195823,52.326908871130215,6.5596669129004095,1.7876569740111476
district,Petaling,53.15278073912268,46.84721926087733,28.97725542071162,67.8948971555134,3.1278474237749823,52.55243860723289,36.54173960785666,10.14498169403698,0.7608400908734642,53.40198335168158,7.641778315412965,27.199375144138934,9.684482601071306,1.1407100555669174,0.9316705321282956,90.82593238850718,9.174067611492823,34.845779728039034,61.28060847497712,1.929177904427668,1.9444338925561808
district,Pitas,51.62575013638844,48.37424986361157,31.57665030005456,62.65684669939989,5.766503000545554,98.76443882535486,0.804551462559623,0.0459743692891213,0.385035342796391,59.96726677577742,37.54773595199127,0.3136933987997818,0.3000545553737043,0.4037097654118931,1.4675395526459356,94.93180578286962,5.068194217130388,34.87482060277468,57.87354488917238,5.310157869558284,1.9414766384946576
district,Pokok Sena,54.62739902031639,45.37260097968361,24.1467919376857,67.89528627639926,7.957921785915041,92.53382115204629,5.017867778439547,1.61022717604016,0.8380838934740067,90.21922428330524,0.5821890307556412,5.275837147675259,1.7766803179956638,0.2409058058299205,1.905163414438288,94.37886453063518,5.621135469364812,33.574918566775246,56.46851248642779,6.699239956568946,3.257328990228013
district,Pontian,53.80110548240806,46.198894517591945,23.215707543359603,68.56991195374975,8.214380502890641,72.05078039541701,26.63282973815968,0.8544657869898676,0.4619240794334397,72.22331206222088,1.09278897748647,23.980198248306586,1.9190159129461453,0.6496728556756943,0.1350119433642206,92.30605015059024,7.693949849409755,34.541355078726845,58.51264514674382,5.636015181691781,1.3099845928375482
district,Port Dickson,53.0542626020872,46.9457373979128,25.98590400111897,68.2358243517317,5.778271647149329,55.2211046668135,25.48026331889484,18.67459559993148,0.6240364143601791,55.90143679723985,1.9022604884644367,23.228092533161345,17.281974372323976,1.3334473031883067,0.3527885056220811,95.2598901226989,4.74010987730109,36.52729631441271,57.61255609195891,4.751068671444673,1.109078922183705
district,Pusa,51.40870276627295,48.591297233727055,31.39540829370558,61.18525336196758,7.41933834432684,99.04009333899025,0.8644463300806109,0.0106067034365719,0.0848536274925753,94.09929948356088,5.169504525233932,0.5982512655315232,0.0153397760392698,0.0409060694380528,0.0766988801963491,96.41560566549062,3.5843943345093834,30.78184392934337,60.57986136990385,6.745174032943281,1.893120667809496
district,Putatan,51.72138175582393,48.27861824417607,26.635276336632224,69.74902268532648,3.6157009780413016,91.64907859505432,6.229327453142227,0.4630650496141125,1.6585289021893213,79.68929386289983,17.24433593466161,2.751013646074029,0.1249800177297234,0.0741160570257662,0.116260481609045,92.2672247169784,7.732775283021611,37.606990014265335,57.469488032968776,2.9719448407037565,1.9515771120621328
district,Ranau,51.724908024495456,48.275091975504544,27.788944132961905,68.49207188781928,3.718983979218825,98.77840552416824,0.9428750784682988,0.0451977401129943,0.2335216572504708,45.33187583013035,53.6760816671956,0.8427659649493988,0.0846292182375965,0.0199818987505436,0.0446654207365092,93.62107267534115,6.378927324658839,41.108635827545534,55.16970252915738,2.840387891495217,0.8812737518018608
district,Raub,52.953536025962414,47.04646397403759,26.966163575656083,66.36120617023269,6.672630254111235,61.091173297518665,32.44347079416103,6.025011559039169,0.4403443492811378,56.5244073684977,1.6486545522628695,30.47358512154277,6.551971624418811,2.3466023153974973,2.454779017880361,94.48610865517637,5.513891344823641,35.232931440393806,58.62738103731184,4.916886637654277,1.22280088464008
district,Rembau,50.68927604871448,49.31072395128552,21.1497801082544,69.87060216508796,8.979617726657645,86.50061500615006,5.054032683183975,8.249868212967844,0.1954840976981198,84.71752368064953,0.7019621109607578,4.6621278755074425,8.271312584573748,0.3784675236806495,1.2686062246278755,96.2618403247632,3.738159675236808,41.86961206896552,49.48275862068965,6.845366379310344,1.8022629310344829
district,Rompin,54.55259266812829,45.44740733187172,26.176515576403407,67.44098302146536,6.38250140213124,96.57202100264205,1.7524497508444532,1.0211475647414243,0.65438168177207,82.44939580890225,0.6383521133941773,2.0384438892571253,1.2297965635037984,0.2477948299597205,13.39621679498292,91.47300260031612,8.526997399683884,32.36586284327536,60.42901574638419,5.6890612142428765,1.5160601960975746
district,Sabak Bernam,52.127371400282094,47.87262859971791,24.982018924498163,66.48140710089018,8.536573974611656,76.58876867995019,19.287048567870485,3.879008405977584,0.2451743462017434,76.04360294048963,0.6192962627385412,17.354306584342922,3.681216548193953,1.942890236042482,0.3586874281924582,96.00866827951464,3.991331720485349,36.84533885022883,55.40843834242367,5.733809792489499,2.012413014858003
district,Samarahan,48.49552555267999,51.50447444732001,21.89984721399395,73.89697857877835,4.203174207227713,81.0894960036574,18.137247174183784,0.5493985780272098,0.2238582441316034,49.63908203673101,36.34202238782701,12.948614012659412,0.3928783012690592,0.2829659193664058,0.394437342147111,98.89464001746126,1.1053599825387423,46.25711148817247,49.28036730212596,2.94640183651063,1.5161193731909373
district,Sandakan,51.485935542648896,48.5140644573511,29.88566222525908,66.79170937250882,3.322628402232092,80.19790352454837,17.737833194642043,0.274474538963305,1.7897887418462943,80.43844664616786,8.946589226739551,9.7704133925521,0.0947500284705614,0.1895000569411228,0.5603006491288008,67.87928481949665,32.12071518050336,42.89957067093189,52.36939136290933,3.067935011364593,1.6631029547941747
district,Saratok,49.26639255572387,50.73360744427613,18.208180047608742,72.31335208829258,9.47846786409868,94.72049689440992,5.152655060799581,0.0262444230600997,0.1006036217303823,29.30534516338455,65.20233715645965,4.825795282406405,0.0129842025535598,0.1731227007141311,0.4804154944817139,98.94827959316166,1.0517204068383466,39.06762620383109,54.81532437294951,4.111546195364589,2.0055032278547995
district,Sarikei,50.23047753127909,49.76952246872091,22.32566588705465,68.4552328617816,9.219101251163742,60.944748082487486,38.81872043356451,0.0711890874018279,0.165342396546181,26.183609982061355,45.573241899225685,18.885533277322374,0.0363314335021231,0.3565021912395831,8.964781216648879,98.88053770521584,1.1194622947841686,32.516834769312204,59.91707589613903,5.378304466727438,2.187784867821331
district,Sebauh,56.62365736674998,43.37634263325001,18.15510369519692,78.71715192866311,3.1277443761399715,96.27302170445206,3.335428046599313,0.0483395369072364,0.3432107120413786,35.823819496048095,63.0041207863271,0.6552725798824562,0.0270215496858744,0.3749240018915085,0.1148415861649665,69.87434979396069,30.12565020603932,29.74701828236557,67.32285089348355,2.0098221286781395,0.9203086954727416
district,Seberang Perai Selatan,50.41384295162684,49.58615704837316,22.29643437477922,73.32275402566206,4.3808115995587125,44.39820315896247,37.85770178235038,17.46297638023475,0.2811186784523982,43.28476634041096,1.95970805458488,32.97102827609819,15.691250876325356,1.9885113066350737,4.104735145945535,93.76001999923916,6.23998000076084,26.657139068554507,67.58357520663593,4.324989318285621,1.434296406523949
district,Seberang Perai Tengah,53.12324168420057,46.87675831579943,20.80900257689307,73.48306106527342,5.707936357833519,49.4523218059609,39.89470171665863,10.05948187736034,0.5934946000201274,48.96167758103028,2.98470413012128,34.02680914442422,9.225750017730917,1.6534669850351074,3.147592141658196,89.26783139081303,10.73216860918698,38.58044790096812,55.68930979093408,4.282409560843706,1.4478327472541102
district,Seberang Perai Utara,50.85536501570357,49.14463498429644,24.72050605287604,68.97270676359133,6.306787183532639,63.05352168537689,29.627024531418,6.991934409365133,0.327519373839971,62.74052993998732,1.5812677863135698,26.794851000457097,6.870640970819387,1.703062563588375,0.30964773883425,95.17362391070348,4.82637608929651,32.4340352245402,60.671752128420096,5.074088516279977,1.820124130759732
district,Segamat,52.18393826923271,47.81606173076728,20.202566721614872,69.90321699820997,9.89421628017516,57.32614804347709,33.91986933231607,8.441282821390386,0.3126998028164474,57.33255124847039,1.061376806464336,31.5551015867558,8.498599326463124,0.5375147905057595,1.0148562413406017,94.11363153689788,5.886368463102112,37.17819491197707,56.26113361607171,5.138104384980633,1.4225670869705789
district,Selama,50.57057405848021,49.42942594151979,23.833444641249745,66.02979180580157,10.136763552948691,91.34678331250372,4.231387252276379,4.278997798012259,0.1428316372076414,91.08859142251518,0.1074363367112866,4.070966055924969,4.094195534132815,0.0813031737274601,0.5575074769882982,97.58123058160804,2.4187694183919395,35.25933888739586,54.38630168541483,8.787960225745767,1.5663992014435444
district,Selangau,51.577302963112274,48.422697036887726,21.089498085063497,69.47691997581133,9.433581939125176,97.42530708576945,2.419138550662447,0.0160918307139408,0.1394625328541544,7.150776053215077,78.15964523281596,0.251965329570651,0.005039306591413,1.909897198145535,12.52267687966136,93.94779278371296,6.052207216287039,28.67999233667539,61.868573983012965,5.849671115652341,3.601762564659301
district,Semporna,51.265104720056186,48.73489527994381,38.15964030806725,59.28433791352267,2.5560217784100803,98.0085653104925,0.980144052949192,0.0768931282849912,0.9343975082733113,97.12462557102296,1.2509979770330215,0.3979902393344018,0.0516246765954126,0.044421233349541,1.1303403026646737,61.67347992340338,38.326520076596616,37.31248967052625,56.39455187097151,4.422473046149658,1.870485412352592
district,Sepang,53.67539447307252,46.32460552692748,25.58509918707185,71.9453702451083,2.4695305678198523,68.78613111052752,19.83608626105463,10.391435285450694,0.9863473429671592,67.99756490511739,3.2418737932137107,16.27055379960891,9.597102483058872,1.4180123230559212,1.474892695945198,90.14862687705232,9.851373122947695,33.5418456628851,62.6979186758079,2.075625536988656,1.684610124318353
district,Seremban,51.72364480999823,48.27635519000177,24.401148085392823,69.56302552568819,6.035826388918983,59.66076924027636,23.93293248136841,15.831592737699449,0.5747055406557823,59.50095553408071,3.3442970577061693,21.43790906320104,14.259197466931877,0.8470524337590263,0.6105884443211809,93.50049040638004,6.499509593619949,36.03734977953256,58.1999481253062,4.004918489485768,1.7577836056754756
district,Serian,51.342199308688265,48.657800691311735,21.30997715156131,68.55937664772395,10.130646200714748,82.52102446483181,17.21616972477064,0.1481269113149847,0.1146788990825688,15.95758392407288,68.88042650418889,14.260940886988108,0.0703028882769933,0.7510691897592127,0.0796766067139258,98.08658972406116,1.9134102759388365,31.673069477947525,60.20727240239435,6.373030763274666,1.746627356383454
district,Setiu,50.87089906288244,49.12910093711756,29.240079797488725,64.56387990142663,6.1960403010846425,99.68617632431877,0.1114674257884176,0.0394423198943631,0.1629139299984566,99.64292300212904,0.0905265628405223,0.1274077551088833,0.0838208915190022,0.038557610098741,0.0167641783038004,97.7569529429515,2.2430470570484986,38.05051583066524,54.19660856160322,6.569429621724179,1.183445986007352
district,Sibu,51.52783152734778,48.47216847265221,20.906701496388028,70.96636351909184,8.126934984520123,50.87443631114348,48.74742906782152,0.1056051644332026,0.2725294566018131,20.162941821465427,60.09215363777089,13.838364293085656,0.0854618163054695,0.348297213622291,5.472781217750258,94.66790828173374,5.332091718266254,34.720119840143305,58.05175962832795,5.093206090477214,2.1349144410515346
district,Sik,51.04747883695252,48.95252116304748,26.03754140596246,64.57563489142436,9.386823702613176,93.92930950644298,0.7795404814004376,0.086615609044493,5.204534403112084,92.76407802723593,0.061832903938167,6.01693043798307,0.0809716599190283,0.0294442399705557,1.046742730953257,96.88332719911668,3.116672800883327,29.23567264438304,62.94353781292236,6.614487725172976,1.206301817521635
district,Simunjan,52.682886415730025,47.31711358426997,22.43241004114772,67.46568722211482,10.101902736737456,96.61884040926732,2.622603786898741,0.0117605550982006,0.7467952487357403,61.53654966722819,36.19894507193946,1.6845709867167435,0.0331391013780342,0.3479605644693601,0.1988346082682058,93.92725967247522,6.0727403275247855,34.69809171176303,58.298917687268585,4.977214468812305,2.0257761321560808
district,Sipitang,52.00116315956434,47.99883684043566,30.56466109759966,65.49381410595326,3.941524796447076,97.69337958433395,1.686975599632364,0.1304515402176169,0.4891932758160633,70.80733847943323,27.87088928835783,1.168446653272708,0.047583800359522,0.0079306333932536,0.0978111451834619,89.16411124035106,10.835888759648938,34.00978089260272,61.5503099849821,3.122954291655436,1.316954830759752
district,Song,48.97098684870997,51.02901315129002,25.01756851721715,62.61419536191145,12.368236120871398,94.53447408152994,5.395067941620534,0.0100654252642174,0.0603925515853044,6.927015359903624,79.29926714185322,2.36924003614095,0.0200783053910249,10.139544222467624,1.2448549342435498,99.73898202991668,0.2610179700833249,23.69795153300308,67.05047529789798,7.444102289463114,1.807470879635828
district,Sri Aman,51.78157353277377,48.21842646722623,20.85959698226592,67.20173748326202,11.93866553447206,87.66951700180373,12.110027389939209,0.0434230743536642,0.1770325339034003,26.79218785721284,63.15523041248898,8.787027662562462,0.0424572977562951,0.1828929749501943,1.0402037950292302,97.77589078676638,2.2241092132336133,39.18166061406404,52.5008253549026,6.163337735226147,2.154176295807197
district,Subis,55.67735516416764,44.32264483583236,19.87467053011922,74.2742934943881,5.851035975492677,94.39831104855736,4.618813042458362,0.0562983814215341,0.9265775275627492,45.53928328300372,44.13238143448132,2.6078304735638604,0.0349107158442283,2.0457679484717834,5.639826144635095,74.4121908219728,25.5878091780272,33.52132943415494,60.51617694842872,4.641879032632409,1.3206145847839206
district,Tambunan,50.859911950083934,49.14008804991607,33.24042694707503,61.84398061634941,4.915592436575555,99.21572520599624,0.5989609186273537,0.0231642344220523,0.1621496409543664,19.751053115003327,79.7548538308048,0.2375447375922465,0.1456941057232445,0.0031672631678966,0.1076869477084851,95.71152567066795,4.288474329332024,34.42451845526141,58.77217952367397,5.052661542840877,1.7506404782237404
district,Tampin,53.10872303484901,46.89127696515098,28.72462353755546,63.400020425995486,7.875356036449054,62.54247259542076,23.22275450539687,13.944218324148446,0.290554575033918,61.83629699397433,2.523745219749668,22.07482723012153,12.96710279949616,0.3302202603179646,0.2678074963403424,94.51448543513044,5.485514564869557,30.584860557768923,62.15617529880478,6.044621513944223,1.2143426294820716
district,Tanah Merah,51.391560431397,48.608439568603,30.997705052863378,62.78073305652468,6.221561890611942,96.08039858039858,3.205705705705706,0.2559377559377559,0.457957957957958,95.27877638194288,0.3210272873194221,3.327673348102357,0.2878633113566719,0.011275751827335,0.7733839194513352,97.18371516124326,2.816284838756749,38.49197540991517,54.472635327497855,5.644717667609223,1.390671594977755
district,Tangkak,52.145317499648215,47.85468250035179,21.852076182784845,69.85175804073442,8.296165776480736,66.54715159317671,27.543611200514967,5.401995494045703,0.5072417122626327,66.5547051373823,1.2009862403563192,25.143010969782623,5.644574148511157,1.1520413095216244,0.304682194445974,95.0449375646226,4.955062435377396,39.34320972187422,53.55017539463793,5.431752693560512,1.6748621899273366
district,Tanjung Manis,53.09589730682104,46.90410269317896,22.01107475459351,69.65768940347344,8.331235841933047,98.33401611361464,1.4884610132459375,0.0136556056261095,0.1638672675133142,79.49911905361188,15.617920966524036,0.5914925748804429,0.0251698968034231,1.5353637050088096,2.730933803171407,92.1595771457337,7.840422854266298,36.00129094723253,56.769404550589,5.518799419073745,1.710505083104728
district,Tatau,54.95614035087719,45.04385964912281,24.320175438596493,70.51691729323308,5.162907268170426,94.72500439290108,4.663503777894921,0.0456861711474257,0.5658056580565806,18.671679197994987,77.58145363408522,2.0676691729323307,0.0219298245614035,0.4636591478696741,1.193609022556391,89.14473684210526,10.855263157894738,32.933780385582565,62.22967309304275,3.5121542330259845,1.3243922883487007
district,Tawau,52.15571031762006,47.84428968237994,32.13719254458356,64.69036404868295,3.172443406733492,81.7813734456052,14.097606696847004,0.2383057523517514,3.882714105196052,83.78916576090603,7.582357124646083,8.046911691692497,0.0888316358708049,0.0649463923889269,0.427787394495659,70.72366920279646,29.27633079720355,36.20538682320129,58.436572670223285,3.617700951855876,1.7403395547195513
district,Tebedu,50.75697526949905,49.24302473050095,21.623335447051364,69.4990488268865,8.877615726062144,98.00418477386124,1.7906003540962496,0.1207146306132303,0.0845002414292612,6.606689917564997,93.0881420418516,0.293278376664553,0.0,0.0079264426125554,0.0039632213062777,98.49397590361446,1.5060240963855422,34.75930420711974,57.8832928802589,5.784789644012945,1.5726132686084142
district,Telang Usan,53.59646099046306,46.40353900953694,23.376996438009883,70.48718832586465,6.135815236125474,98.72618840831451,1.2159110647906894,0.0115801053789589,0.0463204215158357,2.3325290129840286,97.2021142134896,0.4251407560611283,0.0,0.0402160174652418,0.0,99.22440537745604,0.7755946225439504,36.23753467796356,58.84381795006374,3.7489690335157833,1.1696783384569245
district,Telupid,54.69033206798674,45.30966793201327,30.91891522177764,67.64132553606238,1.4397592421599807,95.53636516570404,0.8130993102674816,0.487859586160489,3.162675937867997,53.87640641564926,45.76792859341336,0.1846722068328716,0.0786566806880749,0.0,0.0923361034164358,60.986286378714816,39.013713621285184,41.19104240982957,55.89080459770115,1.7538644470868014,1.1642885453824812
district,Temerloh,51.65214201617532,48.34785798382469,31.363187258538776,63.6380847576957,4.998727983765523,78.83540685636807,14.736366357012418,5.83823466539629,0.589992121223226,75.10634647355685,1.8506357122995087,13.290498926181645,5.693308011335736,0.3603059938588239,3.698904882767434,96.86906515681298,3.1309348431870223,30.23672790582855,63.84810609013504,4.471238382316001,1.4439276217204131
district,Tenom,51.38520885286783,48.614791147132166,29.22381546134664,66.57185162094763,4.204332917705736,95.91865960189033,3.578077371575868,0.0470530471962521,0.4562099793375749,26.648223192019948,70.41770573566085,2.747038653366584,0.0389650872817955,0.0487063591022443,0.0993609725685785,95.23262157107231,4.767378428927681,39.116098642283184,56.40066500415628,3.391521197007481,1.0917151565530616
district,Timur Laut,50.74464357903248,49.25535642096752,20.170686789740824,71.3077303148722,8.521582895386965,24.20413277128385,64.51979913945274,10.22967120899544,1.0463968802679728,27.830570902394108,7.162556708440013,52.48798454835377,7.650720927098773,3.650900597403764,1.217266316309572,90.48789471320129,9.512105286798723,34.17952244444813,58.352014354599326,4.919006824589353,2.5494563763632017
district,Tongod,54.1060315380656,45.8939684619344,35.63473866454541,61.969491366805485,2.395769968649104,98.91546687828288,0.7330990439481541,0.0831349431281411,0.2682991346408192,53.02278789013148,46.184081231575504,0.383697534041458,0.3462636282813158,0.0187169528800711,0.0444527630901689,61.91334050816527,38.08665949183473,29.51916781843311,66.98188695715429,2.6260274969084163,0.8729177275041827
district,Tuaran,50.78096782515755,49.21903217484244,29.42984557549847,66.43054582980135,4.139608594700181,96.7976721690018,2.367616313539489,0.1240365712859238,0.7106749461728087,62.12729886116537,36.206095897984,1.4963328787822945,0.086978955515424,0.0427523679652084,0.0405410385876976,94.48863008145064,5.511369918549367,35.260539408222044,58.63838701230689,4.302697041110239,1.7983765383608277
district,Tumpat,49.56680726674559,50.433192733254415,34.03022068099343,59.48772666900074,6.482052650005834,92.464552416486,4.124300431925514,0.0985977826703192,3.312549368918169,92.48206376463658,0.1950617695603607,7.23340168831241,0.0461257175883474,0.0188948722651061,0.0244521876371962,99.19974658641904,0.8002534135809672,37.42528385793153,54.04502836465704,6.901362010804779,1.6283257666066402
district,Ulu Langat,52.95213504695953,47.04786495304047,27.85075771478106,69.62857230583359,2.52066997938536,63.014674001987146,28.10026006622265,8.22873417633157,0.6563317554586372,63.51922688314776,4.583919152336267,22.68038881482597,7.255468020887408,1.3523404079085386,0.6086567208940485,92.06161399710524,7.938386002894761,36.90040363279499,59.71618913935265,1.7058801800623569,1.677527047790003
district,Ulu Selangor,53.213813989277,46.786186010723,28.973085516543296,67.03315242213893,3.993762061317785,74.87823557758502,11.331405755197576,13.29039308825554,0.4999655789618615,74.10391352472338,1.8536882429668888,10.1856157084134,12.141349386287231,0.510638648062577,1.204794489546515,95.63303144892174,4.3669685510782665,34.14726713260581,61.130281957411526,2.9486124005208243,1.7738385094618343
district,W.P. Kuala Lumpur,53.42311635265817,46.57688364734183,22.79396926107102,73.45210563277959,3.7539251061494,47.71693204921333,41.561432648536986,10.041293005560236,0.6803422966894557,45.28689599780436,6.442370562309295,32.26956902536284,8.219818052663017,1.7680635604849777,6.013282801375502,89.48364169128688,10.51635830871313,32.70547034807745,62.35088691330664,3.192132369607374,1.751510369008543
district,W.P. Labuan,51.39823380992431,48.60176619007569,27.34756097560976,68.45142977291842,4.201009251471826,86.21749240698557,11.677818906605925,1.0570899772209568,1.0475987091875476,77.228763666947,13.791000841042894,8.069806560134566,0.6433978132884777,0.1976450798990748,0.069386038687973,88.61227922624055,11.387720773759462,35.88348503046001,58.047665214811815,3.836080281302908,2.232769473425268
district,W.P. Putrajaya,49.059541034046994,50.940458965953006,37.96633761286423,60.62801047599861,1.4056519111371588,97.8971808875645,0.6298117144978896,1.2248427820757466,0.248164615861855,97.18869617772567,0.8058460467757002,0.4880862987857365,1.0549257339609164,0.0897419461182029,0.3727037966337612,97.41671397959745,2.5832860204025567,27.73309858104177,68.0204711955954,2.0366750719923608,2.209755151370466
district,Yan,51.31772593480868,48.68227406519132,30.501199171481524,60.60585413714161,8.892946691376867,96.0660421416994,3.755391335402874,0.0865360841735117,0.0920304387242108,95.84105527090374,0.0981140303063338,3.642483375122642,0.0490570151531669,0.0504197100185326,0.3188705984955848,99.20691158835714,0.7930884116428649,30.64287402505317,61.569368943512174,6.684786890412038,1.102970141022611
state,Johor,53.40357186501632,46.59642813498368,23.924911526384964,70.55166634660708,5.523422127007958,60.1320199441648,32.75033240726264,6.619558363724402,0.4980892848481629,59.72259562507638,3.029326602937399,28.700716019024007,7.050879498811622,0.8068494414752335,0.6896328126753573,92.04006813528297,7.959931864717047,36.820055415797206,57.93036525300306,3.719266417889157,1.5303129133105806
state,Kedah,51.0121153574577,48.9878846425423,28.290389490233537,65.65146261166814,6.0581478980983166,80.11245878473858,12.295886324383734,6.332185193907993,1.259469696969697,78.47418654263083,0.7634791151655675,12.384942106860802,5.885728199933659,0.4605365325671486,2.0311275028419926,95.62044583276835,4.379554167231625,32.08649684288138,61.27709585450749,5.282135942446662,1.354271360164469
state,Kelantan,50.21269165261275,49.78730834738725,29.963442140339115,63.67042473058593,6.366133129074964,96.56453253160284,2.54245535081684,0.267755672522008,0.6252564450583001,95.52368450561534,0.3821476250222455,2.8298450042705694,0.2131658503956204,0.184490831525338,0.866666183170888,98.03057292576128,1.9694270742387312,40.57871403134333,52.03152821823765,5.839874916094906,1.5498828343241169
state,Melaka,52.57685080947249,47.42314919052751,23.43213531671788,70.2329061284339,6.334958554848222,71.66950087398543,22.131510814019567,5.646021344438681,0.5529669675563238,68.87837680834271,2.632338035391636,19.20188536379188,5.2722880367938405,0.4853629906212566,3.5297487650586725,92.8821106779858,7.117889322014206,38.40082285814462,55.36460230805683,4.758141611585755,1.4764332222127872
state,Negeri Sembilan,51.99895997746617,48.00104002253382,25.17354542681758,68.0543078433366,6.7721467298458125,63.27527381828234,21.943970698507105,14.275645651188936,0.505109832021614,62.63094033704063,2.6103065566420605,19.85734690918304,13.129784478663703,0.815517669549507,0.95610404892106,94.35446101332197,5.645538986678044,35.28977503142301,58.347877910689206,4.766887206522543,1.5954598513652485
state,Pahang,53.0480520582293,46.9519479417707,27.433505415400667,67.0157953113659,5.550699273233436,81.04960911427874,14.651573125037173,3.690912815632785,0.6079049450513141,76.50404230516654,1.5185116524591606,13.553552295457475,3.708237630357665,0.653932803157177,4.061723313401978,95.09424713833702,4.905752861662985,35.69693624549038,58.23222966667131,4.616612806619214,1.4542212812190944
state,Perak,52.09201291164688,47.90798708835312,23.181630429948864,67.8723626735298,8.946006896521332,60.8774304529234,27.216548117269816,11.451486931234584,0.454534498572206,57.852935909305984,3.028235513759589,24.154691369252347,9.68886328389638,1.2527438451531845,4.022530078632522,94.74351583167105,5.256484168328965,36.28200499974214,55.55136950048721,6.374046941118672,1.7925785586519698
state,Perlis,49.96577566386436,50.03422433613564,20.45421836881549,71.68787405444303,7.857907576741492,88.79531701711228,7.354868829792966,1.84015370526656,2.0096604478281948,87.79998946943503,0.5862014497077769,9.19634238376889,1.27033715358829,0.1842848868841813,0.9628446566158274,97.74294890920898,2.257051090791021,39.32576724195823,52.326908871130215,6.5596669129004095,1.7876569740111476
state,Pulau Pinang,51.284270040594,48.715729959406,21.72569028473257,71.66257279196509,6.611736923302335,44.74721134289325,44.9011609664261,9.71901537246058,0.6326123182200599,45.51739393991628,4.329164763374043,37.62388639425881,8.381439952195036,2.414667850299212,1.7334470999566192,91.92538518333376,8.074614816666235,34.143018448164526,59.36867433504038,4.593247592101682,1.8950596246934133
state,Sabah,52.05960597112716,47.94039402887283,30.283507152394783,66.40443900391514,3.312053843690083,88.69507909622281,9.54322707681738,0.2285743203920344,1.5331195065677736,69.59244292928628,24.679352460011376,5.0673265502217895,0.1447297797316883,0.1103315944114649,0.4058166863373976,76.29441453615831,23.70558546384169,37.458508802091664,57.79664291526093,3.208312197646194,1.5365360850012084
state,Sarawak,51.74116234532907,48.25883765467093,22.01528563050475,70.45511695304639,7.529597416448865,75.68979860393223,23.81990700039556,0.218261748318693,0.2720326473535226,34.175443630111054,50.11470539928442,12.82479315737157,0.1394234041399907,0.5464859474168768,2.199148461676089,94.89419349001518,5.105806509984811,36.95723570626902,56.50816344066976,4.542174130557062,1.9924267225041683
state,Selangor,53.05305384018095,46.94694615981904,29.465847290048085,67.4360701375939,3.0980825723580057,60.585014855138105,27.31045411391298,11.29032483805528,0.8142061928936378,61.10188074127058,4.919376480375865,21.625143346348946,10.309499439767942,1.256529666564347,0.787570325672325,91.936604348922,8.06339565107801,34.4097433109322,61.60792317710874,2.099163772813548,1.883169739145509
state,Terengganu,51.14360036191536,48.85639963808463,28.63194251113585,65.86502992761693,5.503027561247216,97.55493580804924,2.062797518872914,0.1869927820786117,0.195273890999236,97.33122216035636,0.2547327394209354,2.0342079621380846,0.2438578786191536,0.0366265311804008,0.0993527282850779,97.70305540089088,2.2969445991091315,37.91630218590718,55.274667813457526,5.573867829095583,1.2351621715397134
state,W.P. Kuala Lumpur,53.42311635265817,46.57688364734183,22.79396926107102,73.45210563277959,3.7539251061494,47.71693204921333,41.561432648536986,10.041293005560236,0.6803422966894557,45.28689599780436,6.442370562309295,32.26956902536284,8.219818052663017,1.7680635604849777,6.013282801375502,89.48364169128688,10.51635830871313,32.70547034807745,62.35088691330664,3.192132369607374,1.751510369008543
state,W.P. Labuan,51.39823380992431,48.60176619007569,27.34756097560976,68.45142977291842,4.201009251471826,86.21749240698557,11.677818906605925,1.0570899772209568,1.0475987091875476,77.228763666947,13.791000841042894,8.069806560134566,0.6433978132884777,0.1976450798990748,0.069386038687973,88.61227922624055,11.387720773759462,35.88348503046001,58.047665214811815,3.836080281302908,2.232769473425268
state,W.P. Putrajaya,49.059541034046994,50.940458965953006,37.96633761286423,60.62801047599861,1.4056519111371588,97.8971808875645,0.6298117144978896,1.2248427820757466,0.248164615861855,97.18869617772567,0.8058460467757002,0.4880862987857365,1.0549257339609164,0.0897419461182029,0.3727037966337612,97.41671397959745,2.5832860204025567,27.73309858104177,68.0204711955954,2.0366750719923608,2.209755151370466
