area_type,area,age_0_4_male,age_5_9_male,age_10_14_male,age_15_19_male,age_20_24_male,age_25_29_male,age_30_34_male,age_35_39_male,age_40_44_male,age_45_49_male,age_50_54_male,age_55_59_male,age_60_64_male,age_65_69_male,age_70_74_male,age_75_79_male,age_80_84_male,age_85_above_male,age_0_4_female,age_5_9_female,age_10_14_female,age_15_19_female,age_20_24_female,age_25_29_female,age_30_34_female,age_35_39_female,age_40_44_female,age_45_49_female,age_50_54_female,age_55_59_female,age_60_64_female,age_65_69_female,age_70_74_female,age_75_79_female,age_80_84_female,age_85_above_female
country,Malaysia,-1280168.0,-1660274.0,-1471571.0,-1419395.0,-1323087.0,-1505018.0,-1687137.0,-1605252.0,-1243074.0,-988342.0,-735630.0,-722725.0,-497781.0,-375507.0,-234895.0,-119079.0,-65187.0,-32095.0,1270242.0,1554019.0,1335566.0,1298597.0,1210536.0,1284676.0,1386326.0,1348841.0,1106147.0,876042.0,716822.0,697046.0,506898.0,383483.0,240071.0,130278.0,84068.0,51510.0
state,Johor,-139959.0,-177624.0,-171301.0,-171217.0,-174638.0,-214664.0,-232321.0,-211206.0,-157888.0,-129415.0,-93255.0,-94889.0,-63469.0,-49570.0,-31624.0,-15275.0,-8978.0,-4014.0,143447.0,167580.0,159399.0,156402.0,144987.0,164895.0,167526.0,161005.0,136588.0,110579.0,89670.0,90086.0,64189.0,49732.0,30595.0,15079.0,10345.0,6259.0
state,Kedah,-78154.0,-119697.0,-110063.0,-98402.0,-78005.0,-74132.0,-103651.0,-87885.0,-75732.0,-62880.0,-49009.0,-53473.0,-36205.0,-27938.0,-17238.0,-8264.0,-4629.0,-1929.0,77995.0,115664.0,101416.0,90846.0,76097.0,67269.0,83602.0,82841.0,74287.0,58979.0,51819.0,55222.0,38977.0,30850.0,18214.0,9928.0,6629.0,3506.0
state,Kelantan,-71369.0,-104694.0,-99967.0,-104583.0,-84328.0,-67763.0,-61550.0,-55609.0,-44839.0,-41865.0,-39031.0,-40325.0,-31347.0,-22405.0,-16021.0,-8327.0,-3939.0,-2101.0,70347.0,98039.0,92679.0,102608.0,87289.0,62374.0,56653.0,51845.0,43360.0,44730.0,43098.0,43177.0,34919.0,24345.0,17010.0,10204.0,6111.0,3650.0
state,Melaka,-44931.0,-40574.0,-35931.0,-54323.0,-48950.0,-44481.0,-61686.0,-40396.0,-43542.0,-22881.0,-19973.0,-20955.0,-16797.0,-12914.0,-8485.0,-4278.0,-2544.0,-1301.0,42120.0,37662.0,32735.0,48249.0,42503.0,39902.0,40108.0,33952.0,39881.0,23201.0,20707.0,21487.0,17251.0,14482.0,9033.0,4810.0,3388.0,2015.0
state,Negeri Sembilan,-45461.0,-60389.0,-49932.0,-52369.0,-51896.0,-54453.0,-61361.0,-56338.0,-40062.0,-32532.0,-25938.0,-31342.0,-22149.0,-18409.0,-11364.0,-5393.0,-3237.0,-1349.0,48031.0,54880.0,43383.0,47265.0,48894.0,46825.0,49315.0,46286.0,36283.0,30281.0,27896.0,31619.0,23530.0,18341.0,11496.0,5762.0,3823.0,2090.0
state,Pahang,-54385.0,-85984.0,-84417.0,-82330.0,-66520.0,-69506.0,-75126.0,-76680.0,-63658.0,-47157.0,-35864.0,-34011.0,-24644.0,-19249.0,-13333.0,-6497.0,-3470.0,-1320.0,53972.0,80760.0,77030.0,74626.0,55692.0,51756.0,58567.0,60517.0,56457.0,41881.0,33781.0,32694.0,24952.0,19850.0,12630.0,6111.0,3993.0,1875.0
state,Perak,-84371.0,-112644.0,-104005.0,-115898.0,-118430.0,-107511.0,-106645.0,-105998.0,-90440.0,-67427.0,-62648.0,-67371.0,-53801.0,-43148.0,-30078.0,-15740.0,-9496.0,-4587.0,79816.0,103624.0,94163.0,106571.0,101578.0,79875.0,83257.0,86338.0,77770.0,67928.0,66039.0,70713.0,57884.0,47240.0,33628.0,18529.0,12806.0,8044.0
state,Perlis,-7825.0,-10107.0,-12334.0,-19413.0,-16043.0,-11051.0,-10120.0,-9866.0,-12675.0,-5664.0,-5994.0,-6272.0,-5016.0,-4111.0,-2881.0,-1577.0,-933.0,-463.0,7349.0,9283.0,11373.0,17652.0,16280.0,9809.0,9491.0,9453.0,13248.0,7424.0,6530.0,6719.0,5508.0,5204.0,3150.0,1880.0,1291.0,896.0
state,Pulau Pinang,-53495.0,-80934.0,-65587.0,-61843.0,-62313.0,-84783.0,-94998.0,-90957.0,-66389.0,-56520.0,-40638.0,-48592.0,-31278.0,-25403.0,-15522.0,-7685.0,-3903.0,-1714.0,50365.0,71542.0,56192.0,55608.0,65984.0,78454.0,87680.0,79882.0,63064.0,52077.0,42787.0,50829.0,32543.0,26929.0,16496.0,8823.0,5260.0,3336.0
state,Sabah,-144124.0,-210782.0,-180487.0,-165063.0,-150672.0,-152847.0,-147296.0,-144453.0,-120852.0,-103889.0,-88148.0,-67054.0,-45624.0,-26719.0,-15138.0,-8379.0,-4945.0,-3334.0,137592.0,196840.0,165503.0,151034.0,139424.0,143423.0,137010.0,137211.0,112509.0,95024.0,74409.0,55115.0,39168.0,23097.0,14083.0,8067.0,5524.0,3946.0
state,Sarawak,-71510.0,-101591.0,-107055.0,-110070.0,-110063.0,-118486.0,-112934.0,-99476.0,-84760.0,-78749.0,-70243.0,-65814.0,-49046.0,-38579.0,-24523.0,-14688.0,-7416.0,-4558.0,67778.0,94697.0,97553.0,103042.0,100759.0,104150.0,98098.0,88486.0,79520.0,74773.0,68478.0,62819.0,48975.0,37792.0,25494.0,15646.0,9235.0,6821.0
state,Selangor,-368020.0,-389189.0,-296278.0,-246942.0,-238374.0,-350362.0,-439058.0,-426752.0,-295466.0,-224250.0,-131528.0,-125407.0,-72396.0,-53517.0,-29291.0,-13688.0,-6886.0,-3351.0,376555.0,366933.0,263991.0,219426.0,217744.0,299944.0,360887.0,345676.0,250314.0,172595.0,119486.0,109222.0,70935.0,51899.0,29046.0,14635.0,8955.0,5425.0
state,Terengganu,-48306.0,-62337.0,-57859.0,-58371.0,-55115.0,-49155.0,-47816.0,-45993.0,-35147.0,-29472.0,-25260.0,-24630.0,-18865.0,-13434.0,-8380.0,-4531.0,-2315.0,-879.0,47491.0,58978.0,54136.0,54432.0,52592.0,42945.0,42301.0,40500.0,31988.0,29417.0,27054.0,25826.0,20200.0,13978.0,8647.0,5742.0,3639.0,1709.0
state,W.P. Kuala Lumpur,-56141.0,-90466.0,-86326.0,-71426.0,-61942.0,-98644.0,-123262.0,-140024.0,-103875.0,-81083.0,-44484.0,-39344.0,-24997.0,-18892.0,-10275.0,-4452.0,-2295.0,-978.0,56584.0,85339.0,76946.0,63403.0,54221.0,85072.0,101076.0,110924.0,83775.0,62446.0,41392.0,38649.0,25864.0,18449.0,9877.0,4689.0,2815.0,1685.0
state,W.P. Labuan,-5441.0,-4368.0,-4211.0,-4065.0,-3766.0,-4342.0,-4278.0,-5553.0,-2955.0,-2229.0,-2115.0,-2055.0,-1464.0,-869.0,-585.0,-235.0,-164.0,-195.0,4591.0,3799.0,3603.0,4615.0,4363.0,4387.0,4341.0,4422.0,2492.0,2489.0,2162.0,1766.0,1252.0,861.0,415.0,265.0,194.0,213.0
state,W.P. Putrajaya,-6676.0,-8894.0,-5818.0,-3080.0,-2032.0,-2838.0,-5035.0,-8066.0,-4794.0,-2329.0,-1502.0,-1191.0,-683.0,-350.0,-157.0,-70.0,-37.0,-22.0,6209.0,8399.0,5464.0,2818.0,2129.0,3596.0,6414.0,9503.0,4611.0,2218.0,1514.0,1103.0,751.0,434.0,257.0,108.0,60.0,40.0
district,Batu Pahat,-14148.0,-19386.0,-20583.0,-24964.0,-31711.0,-24064.0,-22952.0,-20640.0,-16981.0,-14989.0,-12261.0,-14096.0,-8890.0,-6935.0,-4541.0,-2315.0,-1376.0,-777.0,14429.0,17957.0,19420.0,22662.0,27301.0,18856.0,16305.0,16600.0,15590.0,13941.0,12496.0,13139.0,8760.0,6898.0,4386.0,2365.0,1561.0,1063.0
district,Johor Bahru,-72101.0,-83910.0,-73644.0,-64310.0,-59220.0,-90878.0,-107389.0,-102530.0,-70888.0,-59781.0,-37389.0,-35162.0,-20246.0,-15130.0,-8323.0,-3612.0,-1936.0,-866.0,74050.0,78459.0,68117.0,58012.0,50120.0,77419.0,87607.0,82602.0,62872.0,47819.0,34135.0,32030.0,20094.0,14947.0,8146.0,3694.0,2333.0,1420.0
district,Kluang,-8848.0,-14457.0,-14631.0,-13233.0,-13903.0,-18654.0,-17609.0,-17074.0,-13440.0,-10881.0,-8586.0,-8685.0,-7129.0,-5494.0,-3518.0,-1811.0,-987.0,-374.0,9249.0,14002.0,13926.0,11891.0,8687.0,10452.0,10708.0,11204.0,10004.0,8847.0,8172.0,8730.0,7014.0,5104.0,3191.0,1597.0,1050.0,620.0
district,Kota Tinggi,-7926.0,-9473.0,-9568.0,-9943.0,-9538.0,-10728.0,-12779.0,-10933.0,-8932.0,-6733.0,-5189.0,-4488.0,-3556.0,-3465.0,-2915.0,-1387.0,-683.0,-186.0,7780.0,9175.0,8633.0,9226.0,8083.0,7826.0,8294.0,7985.0,7539.0,6010.0,4881.0,4633.0,4503.0,4354.0,2927.0,1141.0,661.0,309.0
district,Mersing,-2661.0,-3434.0,-3525.0,-3417.0,-3822.0,-3593.0,-4032.0,-3633.0,-2784.0,-2240.0,-1927.0,-1910.0,-1924.0,-1571.0,-909.0,-315.0,-170.0,-72.0,2529.0,3305.0,3332.0,3237.0,2541.0,2630.0,2737.0,2643.0,2336.0,2048.0,1822.0,2204.0,2128.0,1387.0,715.0,291.0,245.0,126.0
district,Muar,-9486.0,-13188.0,-13493.0,-14775.0,-15948.0,-19804.0,-19265.0,-16548.0,-11840.0,-9482.0,-6993.0,-7480.0,-5576.0,-4142.0,-2700.0,-1297.0,-866.0,-413.0,10310.0,12636.0,12878.0,13277.0,11945.0,11131.0,10499.0,10658.0,9332.0,8328.0,7145.0,7574.0,5665.0,4315.0,2687.0,1377.0,1074.0,649.0
district,Pontian,-5520.0,-7620.0,-7423.0,-7010.0,-6553.0,-8820.0,-9139.0,-8760.0,-7171.0,-4878.0,-4345.0,-5598.0,-3436.0,-2820.0,-1981.0,-1103.0,-723.0,-347.0,5584.0,7322.0,6768.0,6441.0,5194.0,6791.0,6295.0,5923.0,4875.0,4544.0,4667.0,5145.0,3259.0,2712.0,2069.0,1165.0,832.0,485.0
district,Segamat,-5128.0,-6882.0,-8126.0,-8784.0,-9013.0,-9051.0,-8631.0,-8213.0,-6369.0,-6256.0,-5194.0,-6471.0,-5140.0,-4285.0,-2911.0,-1426.0,-928.0,-392.0,5292.0,6893.0,7632.0,8733.0,9347.0,6259.0,6089.0,6255.0,5594.0,5689.0,5488.0,6286.0,5380.0,4143.0,2530.0,1315.0,1073.0,564.0
district,Kulai,-9963.0,-12819.0,-12807.0,-15132.0,-17811.0,-21871.0,-23285.0,-16669.0,-14054.0,-9234.0,-7072.0,-6225.0,-3897.0,-3019.0,-2017.0,-1007.0,-593.0,-259.0,9680.0,11698.0,11787.0,13754.0,15751.0,17506.0,13805.0,12229.0,13371.0,8532.0,6543.0,5684.0,3930.0,3264.0,2055.0,1029.0,717.0,428.0
district,Tangkak,-4178.0,-6455.0,-7501.0,-9649.0,-7119.0,-7201.0,-7240.0,-6206.0,-5429.0,-4941.0,-4299.0,-4774.0,-3675.0,-2709.0,-1809.0,-1002.0,-716.0,-328.0,4544.0,6133.0,6906.0,9169.0,6018.0,6025.0,5187.0,4906.0,5075.0,4821.0,4321.0,4661.0,3456.0,2608.0,1889.0,1105.0,799.0,595.0
district,Baling,-4651.0,-7318.0,-7966.0,-7293.0,-6430.0,-5012.0,-5885.0,-5576.0,-4787.0,-4094.0,-3408.0,-3722.0,-2567.0,-2000.0,-1180.0,-642.0,-386.0,-185.0,4239.0,7214.0,7388.0,6731.0,6004.0,4071.0,4362.0,5619.0,4496.0,3999.0,3645.0,3761.0,2733.0,2231.0,1341.0,804.0,588.0,315.0
district,Bandar Baharu,-1226.0,-2082.0,-2340.0,-2376.0,-1755.0,-1824.0,-1850.0,-1589.0,-1611.0,-1211.0,-1124.0,-1004.0,-1018.0,-718.0,-565.0,-230.0,-140.0,-77.0,1261.0,2023.0,2240.0,1998.0,1576.0,1366.0,1411.0,1383.0,1665.0,1227.0,1121.0,1113.0,1201.0,889.0,602.0,271.0,205.0,120.0
district,Kota Setar,-14806.0,-19847.0,-17931.0,-16733.0,-12159.0,-12055.0,-16121.0,-14582.0,-12889.0,-9897.0,-8168.0,-9744.0,-7635.0,-6334.0,-3761.0,-1973.0,-1055.0,-438.0,13653.0,18963.0,16854.0,15862.0,11901.0,12200.0,16684.0,14667.0,12936.0,9819.0,9312.0,10834.0,8632.0,6902.0,4206.0,2255.0,1459.0,784.0
district,Kuala Muda,-18169.0,-31946.0,-28690.0,-22933.0,-18400.0,-17287.0,-35688.0,-24558.0,-20767.0,-16984.0,-12272.0,-12796.0,-8378.0,-5491.0,-3155.0,-1401.0,-776.0,-331.0,21819.0,34863.0,27346.0,21535.0,18458.0,15752.0,19488.0,23024.0,20261.0,15303.0,13100.0,12864.0,8387.0,5886.0,3272.0,1722.0,1187.0,695.0
district,Kubang Pasu,-7562.0,-11295.0,-11078.0,-11008.0,-11630.0,-8499.0,-8847.0,-8914.0,-7171.0,-6577.0,-5503.0,-6396.0,-4520.0,-3987.0,-2460.0,-1075.0,-566.0,-228.0,7639.0,10692.0,10169.0,11137.0,14318.0,8259.0,8998.0,8478.0,7413.0,6335.0,5845.0,6767.0,4992.0,4379.0,2397.0,1329.0,881.0,415.0
district,Kulim,-12148.0,-21529.0,-19738.0,-16254.0,-10980.0,-12042.0,-15704.0,-15619.0,-13971.0,-10976.0,-7375.0,-6898.0,-4222.0,-2720.0,-1637.0,-666.0,-400.0,-162.0,12904.0,20392.0,17664.0,14038.0,9463.0,10637.0,16360.0,14348.0,13948.0,9789.0,7209.0,7195.0,4314.0,2924.0,1716.0,845.0,574.0,338.0
district,Langkawi,-3723.0,-4662.0,-4422.0,-3979.0,-4131.0,-4852.0,-5673.0,-3926.0,-2779.0,-2875.0,-2285.0,-2201.0,-1276.0,-903.0,-522.0,-276.0,-147.0,-62.0,3717.0,4500.0,4190.0,3852.0,3698.0,4335.0,4042.0,3789.0,2980.0,2754.0,2222.0,2086.0,1256.0,896.0,519.0,310.0,197.0,101.0
district,Padang Terap,-2369.0,-3368.0,-3175.0,-3472.0,-2536.0,-2586.0,-2770.0,-2516.0,-2230.0,-1834.0,-1764.0,-2202.0,-1163.0,-944.0,-637.0,-362.0,-214.0,-81.0,2435.0,3035.0,2889.0,3203.0,2277.0,1949.0,2044.0,2032.0,1858.0,1694.0,1908.0,2208.0,1306.0,1116.0,724.0,432.0,257.0,108.0
district,Sik,-2612.0,-3200.0,-3105.0,-3802.0,-2669.0,-2245.0,-2538.0,-2372.0,-2141.0,-1891.0,-1649.0,-2088.0,-1256.0,-1370.0,-951.0,-465.0,-221.0,-99.0,2832.0,2993.0,2944.0,3126.0,2006.0,2267.0,2121.0,2310.0,2138.0,1904.0,1822.0,1922.0,1596.0,1638.0,827.0,433.0,231.0,141.0
district,Yan,-3233.0,-4935.0,-4305.0,-4120.0,-2322.0,-2324.0,-2194.0,-2142.0,-2393.0,-1749.0,-1589.0,-2061.0,-1345.0,-1353.0,-870.0,-438.0,-207.0,-79.0,2858.0,3676.0,3376.0,3482.0,2157.0,2234.0,2152.0,2232.0,2269.0,2096.0,1827.0,2247.0,1540.0,1608.0,962.0,528.0,340.0,141.0
district,Pendang,-5709.0,-7247.0,-5291.0,-4470.0,-3136.0,-2984.0,-3681.0,-3632.0,-3004.0,-2956.0,-2472.0,-2796.0,-1827.0,-1357.0,-989.0,-478.0,-330.0,-117.0,2951.0,5072.0,4492.0,4093.0,2893.0,2762.0,3805.0,3457.0,2884.0,2785.0,2545.0,2810.0,1988.0,1500.0,1057.0,651.0,475.0,226.0
district,Pokok Sena,-1946.0,-2268.0,-2022.0,-1962.0,-1857.0,-2422.0,-2700.0,-2459.0,-1989.0,-1836.0,-1400.0,-1565.0,-998.0,-761.0,-511.0,-258.0,-187.0,-70.0,1687.0,2241.0,1864.0,1789.0,1346.0,1437.0,2135.0,1502.0,1439.0,1274.0,1263.0,1415.0,1032.0,881.0,591.0,348.0,235.0,122.0
district,Bachok,-5826.0,-7236.0,-8200.0,-10276.0,-7678.0,-5687.0,-4758.0,-4578.0,-3811.0,-3933.0,-3630.0,-3646.0,-2738.0,-1720.0,-1312.0,-701.0,-323.0,-157.0,5781.0,7515.0,8598.0,11786.0,8552.0,5462.0,4699.0,4415.0,3842.0,4416.0,3826.0,3803.0,3002.0,2027.0,1540.0,966.0,533.0,315.0
district,Kota Bharu,-20289.0,-27617.0,-28270.0,-31972.0,-30649.0,-22635.0,-20024.0,-17835.0,-14069.0,-12699.0,-12744.0,-12454.0,-10050.0,-7019.0,-5009.0,-2646.0,-1189.0,-637.0,19061.0,25995.0,26437.0,31511.0,32479.0,21355.0,18329.0,16057.0,13889.0,14122.0,14170.0,13771.0,11264.0,7672.0,5454.0,3235.0,1955.0,1194.0
district,Machang,-5176.0,-6274.0,-6813.0,-6471.0,-5328.0,-3484.0,-3080.0,-3073.0,-2532.0,-2557.0,-2174.0,-2478.0,-1904.0,-1353.0,-981.0,-583.0,-292.0,-127.0,5586.0,6196.0,5951.0,6570.0,5975.0,2998.0,2969.0,2598.0,2422.0,2685.0,2558.0,2628.0,2083.0,1611.0,1093.0,775.0,407.0,223.0
district,Pasir Mas,-7643.0,-17530.0,-12798.0,-13324.0,-9665.0,-7729.0,-7865.0,-7291.0,-5521.0,-5221.0,-4905.0,-5572.0,-4205.0,-3163.0,-2266.0,-1120.0,-631.0,-307.0,7561.0,14790.0,11592.0,11536.0,10083.0,7485.0,7608.0,7249.0,5088.0,5424.0,5623.0,5829.0,5150.0,3270.0,2517.0,1360.0,915.0,588.0
district,Pasir Puteh,-5499.0,-8456.0,-8485.0,-8318.0,-5211.0,-4338.0,-3943.0,-3702.0,-3095.0,-3103.0,-3182.0,-3237.0,-2312.0,-1755.0,-1403.0,-799.0,-349.0,-260.0,5559.0,8610.0,7896.0,8858.0,5029.0,4134.0,3709.0,3823.0,3158.0,3438.0,3458.0,3212.0,2515.0,1968.0,1488.0,936.0,554.0,365.0
district,Tanah Merah,-6036.0,-9161.0,-9370.0,-9136.0,-6597.0,-5742.0,-4999.0,-4638.0,-3958.0,-3947.0,-3372.0,-3479.0,-2504.0,-2083.0,-1352.0,-622.0,-286.0,-199.0,5794.0,8241.0,8132.0,8298.0,5957.0,5092.0,4468.0,4384.0,3922.0,4079.0,3561.0,3665.0,2854.0,2069.0,1291.0,737.0,464.0,277.0
district,Tumpat,-8862.0,-11874.0,-10743.0,-9662.0,-7209.0,-5854.0,-5551.0,-5104.0,-4207.0,-3966.0,-3779.0,-3873.0,-3204.0,-2201.0,-1642.0,-843.0,-395.0,-223.0,8862.0,11090.0,9804.0,9169.0,7291.0,5959.0,5780.0,5644.0,4353.0,4458.0,4366.0,4184.0,3431.0,2451.0,1795.0,1066.0,654.0,394.0
district,Gua Musang,-5851.0,-7612.0,-5678.0,-4668.0,-4095.0,-5520.0,-5269.0,-3981.0,-2959.0,-2145.0,-1652.0,-1567.0,-1412.0,-1100.0,-752.0,-312.0,-135.0,-37.0,5765.0,6655.0,5202.0,4322.0,3689.0,4049.0,3700.0,2916.0,2269.0,1868.0,1625.0,1766.0,1409.0,979.0,503.0,256.0,117.0,51.0
district,Kuala Krai,-3834.0,-5575.0,-5942.0,-6199.0,-4104.0,-4093.0,-3647.0,-3336.0,-2904.0,-2787.0,-2443.0,-2710.0,-2148.0,-1465.0,-871.0,-456.0,-240.0,-109.0,3907.0,5409.0,5699.0,5770.0,4020.0,3640.0,3287.0,3059.0,2855.0,2803.0,2728.0,2960.0,2333.0,1640.0,897.0,602.0,373.0,162.0
district,Jeli,-1843.0,-2604.0,-2928.0,-3909.0,-3269.0,-2141.0,-1951.0,-1731.0,-1499.0,-1272.0,-1025.0,-1185.0,-781.0,-502.0,-387.0,-221.0,-84.0,-41.0,1962.0,2733.0,2636.0,4223.0,3676.0,1739.0,1744.0,1434.0,1332.0,1244.0,1056.0,1265.0,778.0,604.0,392.0,255.0,134.0,76.0
district,Kecil Lojing,-510.0,-755.0,-740.0,-648.0,-523.0,-540.0,-463.0,-340.0,-284.0,-235.0,-125.0,-124.0,-89.0,-44.0,-46.0,-24.0,-15.0,-4.0,509.0,805.0,732.0,565.0,538.0,461.0,360.0,266.0,230.0,193.0,127.0,94.0,100.0,54.0,40.0,16.0,5.0,5.0
district,Alor Gajah,-6958.0,-9321.0,-8963.0,-17537.0,-13821.0,-11128.0,-13236.0,-9874.0,-13142.0,-4978.0,-4613.0,-4437.0,-3901.0,-3077.0,-1857.0,-973.0,-632.0,-313.0,6068.0,8578.0,8170.0,16625.0,12950.0,9512.0,10571.0,7890.0,12369.0,5697.0,4829.0,4763.0,4076.0,3748.0,2184.0,1242.0,824.0,499.0
district,Jasin,-4630.0,-5570.0,-5397.0,-7389.0,-9625.0,-8152.0,-7872.0,-6864.0,-5971.0,-4093.0,-3643.0,-3795.0,-3189.0,-2306.0,-1571.0,-844.0,-552.0,-293.0,4316.0,5098.0,4961.0,6781.0,7927.0,5603.0,5215.0,4940.0,4435.0,3716.0,3764.0,3772.0,3201.0,2603.0,1718.0,916.0,775.0,440.0
district,Melaka Tengah,-33343.0,-25683.0,-21571.0,-29397.0,-25504.0,-25201.0,-40578.0,-23658.0,-24429.0,-13810.0,-11717.0,-12723.0,-9707.0,-7531.0,-5057.0,-2461.0,-1360.0,-695.0,31736.0,23986.0,19604.0,24843.0,21626.0,24787.0,24322.0,21122.0,23077.0,13788.0,12114.0,12952.0,9974.0,8131.0,5131.0,2652.0,1789.0,1076.0
district,Jelebu,-2039.0,-2964.0,-2366.0,-2259.0,-1345.0,-1787.0,-1854.0,-1980.0,-1611.0,-1233.0,-1160.0,-1422.0,-1017.0,-867.0,-582.0,-288.0,-189.0,-67.0,2182.0,2506.0,1877.0,1591.0,994.0,1157.0,1351.0,1457.0,1197.0,987.0,1100.0,1438.0,1084.0,936.0,569.0,305.0,189.0,103.0
district,Kuala Pilah,-2845.0,-3152.0,-2836.0,-3449.0,-2757.0,-3356.0,-3300.0,-2827.0,-1880.0,-1599.0,-1642.0,-2056.0,-1572.0,-1293.0,-716.0,-319.0,-252.0,-134.0,2334.0,2615.0,2362.0,3811.0,3322.0,2828.0,2611.0,2357.0,1774.0,1516.0,1778.0,2196.0,1591.0,1321.0,810.0,491.0,426.0,203.0
district,Port Dickson,-5101.0,-6106.0,-5927.0,-6965.0,-6549.0,-5788.0,-5841.0,-5175.0,-3848.0,-3909.0,-2879.0,-4196.0,-2173.0,-2073.0,-927.0,-457.0,-248.0,-113.0,6010.0,5660.0,4637.0,5394.0,5152.0,5017.0,5070.0,4326.0,3401.0,3644.0,2965.0,3479.0,2041.0,1690.0,859.0,465.0,365.0,239.0
district,Rembau,-1541.0,-1964.0,-1919.0,-2269.0,-2938.0,-2187.0,-2192.0,-1442.0,-1063.0,-1039.0,-1205.0,-1285.0,-1126.0,-854.0,-466.0,-224.0,-174.0,-86.0,1354.0,1516.0,1709.0,2572.0,3155.0,1527.0,1461.0,1368.0,1099.0,1116.0,1381.0,1416.0,1205.0,933.0,631.0,374.0,328.0,177.0
district,Seremban,-24998.0,-35113.0,-27131.0,-28665.0,-31747.0,-33189.0,-37352.0,-34007.0,-24423.0,-18993.0,-14208.0,-16423.0,-11542.0,-8848.0,-5909.0,-2927.0,-1872.0,-727.0,26636.0,31705.0,23342.0,25886.0,30907.0,28950.0,30922.0,29408.0,23041.0,17877.0,15170.0,16860.0,12003.0,9064.0,6254.0,3150.0,1966.0,1068.0
district,Tampin,-3671.0,-4582.0,-4340.0,-3579.0,-2863.0,-3216.0,-4459.0,-5280.0,-3092.0,-2302.0,-1853.0,-2357.0,-1779.0,-1517.0,-981.0,-493.0,-271.0,-166.0,3828.0,4366.0,4526.0,3008.0,2002.0,2871.0,3107.0,2914.0,2457.0,2161.0,2247.0,2305.0,2018.0,1543.0,959.0,491.0,330.0,189.0
district,Jempol,-5266.0,-6508.0,-5413.0,-5183.0,-3697.0,-4930.0,-6363.0,-5627.0,-4145.0,-3457.0,-2991.0,-3603.0,-2940.0,-2957.0,-1783.0,-685.0,-231.0,-56.0,5687.0,6512.0,4930.0,5003.0,3362.0,4475.0,4793.0,4456.0,3314.0,2980.0,3255.0,3925.0,3588.0,2854.0,1414.0,486.0,219.0,111.0
district,Bentong,-3317.0,-6101.0,-5823.0,-5185.0,-5855.0,-6840.0,-6619.0,-6089.0,-4978.0,-3732.0,-3047.0,-2575.0,-1993.0,-1561.0,-1178.0,-686.0,-418.0,-166.0,3283.0,5684.0,5228.0,4170.0,3522.0,3718.0,3985.0,3877.0,3592.0,2855.0,2503.0,2222.0,1962.0,1572.0,1164.0,642.0,442.0,215.0
district,Cameron Highlands,-1092.0,-1869.0,-2184.0,-1833.0,-1770.0,-2646.0,-2689.0,-2160.0,-1521.0,-1265.0,-927.0,-740.0,-507.0,-385.0,-334.0,-173.0,-90.0,-40.0,1092.0,1959.0,1964.0,1750.0,1165.0,1313.0,1262.0,1285.0,1065.0,1102.0,706.0,677.0,468.0,402.0,294.0,146.0,82.0,47.0
district,Jerantut,-3066.0,-5490.0,-5215.0,-5298.0,-3503.0,-3991.0,-5035.0,-4120.0,-3179.0,-2723.0,-2373.0,-2426.0,-1601.0,-1268.0,-984.0,-524.0,-266.0,-80.0,3280.0,5072.0,4666.0,4458.0,2819.0,2867.0,3447.0,3340.0,2931.0,2486.0,2349.0,2142.0,1740.0,1348.0,1016.0,478.0,307.0,118.0
district,Kuantan,-18420.0,-29809.0,-30971.0,-30481.0,-19567.0,-20168.0,-23972.0,-27746.0,-25819.0,-17238.0,-12522.0,-10632.0,-7543.0,-5038.0,-2918.0,-1307.0,-712.0,-328.0,17986.0,28572.0,28326.0,27694.0,19061.0,17674.0,21845.0,24187.0,24430.0,15551.0,11278.0,9760.0,6602.0,4746.0,2599.0,1233.0,806.0,473.0
district,Lipis,-3615.0,-5010.0,-4822.0,-5173.0,-4210.0,-4800.0,-4349.0,-4487.0,-3240.0,-2735.0,-2001.0,-2613.0,-1541.0,-1058.0,-739.0,-427.0,-279.0,-80.0,3643.0,4823.0,4622.0,4869.0,3811.0,3369.0,3307.0,3206.0,2790.0,2414.0,1977.0,2551.0,1503.0,1054.0,753.0,374.0,274.0,101.0
district,Pekan,-3930.0,-4979.0,-5950.0,-6962.0,-9087.0,-6081.0,-5589.0,-5251.0,-4522.0,-2858.0,-2408.0,-2371.0,-2172.0,-1680.0,-876.0,-383.0,-198.0,-92.0,3944.0,4773.0,5783.0,6382.0,6016.0,4054.0,3982.0,3588.0,3620.0,2786.0,2484.0,2713.0,2314.0,1564.0,856.0,449.0,306.0,155.0
district,Raub,-3505.0,-5131.0,-4604.0,-4831.0,-3229.0,-4281.0,-5012.0,-4796.0,-3189.0,-2601.0,-2131.0,-2554.0,-1798.0,-1543.0,-944.0,-437.0,-240.0,-83.0,3578.0,4771.0,4336.0,4614.0,3314.0,2980.0,3598.0,3384.0,2880.0,2236.0,2082.0,2514.0,1775.0,1459.0,787.0,441.0,312.0,169.0
district,Temerloh,-7154.0,-10909.0,-9275.0,-7847.0,-5814.0,-6709.0,-7060.0,-7544.0,-5966.0,-5197.0,-3535.0,-3686.0,-2485.0,-1859.0,-1242.0,-541.0,-344.0,-137.0,7441.0,10184.0,8048.0,7015.0,4541.0,6271.0,6500.0,6952.0,5777.0,4800.0,3609.0,3688.0,2567.0,1880.0,1130.0,614.0,501.0,201.0
district,Rompin,-3634.0,-5174.0,-4549.0,-4097.0,-4496.0,-5328.0,-5422.0,-5045.0,-3650.0,-2577.0,-2110.0,-2173.0,-1927.0,-1749.0,-1049.0,-339.0,-121.0,-57.0,3336.0,4715.0,4262.0,3762.0,3407.0,3481.0,3611.0,3299.0,2668.0,2280.0,2181.0,2321.0,2301.0,1636.0,761.0,302.0,161.0,84.0
district,Maran,-3805.0,-6540.0,-5989.0,-5607.0,-5175.0,-3946.0,-4692.0,-4855.0,-3816.0,-3345.0,-2596.0,-2081.0,-1511.0,-1485.0,-1772.0,-974.0,-409.0,-113.0,3540.0,5436.0,4904.0,5347.0,5241.0,2968.0,3747.0,3833.0,3398.0,2922.0,2435.0,2086.0,2020.0,2339.0,1966.0,841.0,432.0,164.0
district,Bera,-2847.0,-4972.0,-5035.0,-5016.0,-3814.0,-4716.0,-4687.0,-4587.0,-3778.0,-2886.0,-2214.0,-2160.0,-1566.0,-1623.0,-1297.0,-706.0,-393.0,-144.0,2849.0,4771.0,4891.0,4565.0,2795.0,3061.0,3283.0,3566.0,3306.0,2449.0,2177.0,2020.0,1700.0,1850.0,1304.0,591.0,370.0,148.0
district,Seberang Perai Tengah,-10885.0,-17874.0,-17272.0,-17775.0,-17951.0,-26846.0,-29689.0,-19980.0,-14471.0,-13408.0,-9334.0,-10838.0,-6718.0,-5960.0,-3249.0,-1459.0,-681.0,-316.0,10546.0,16324.0,15119.0,15642.0,15424.0,20678.0,20128.0,17099.0,14141.0,12376.0,9993.0,11096.0,7239.0,6157.0,3352.0,1602.0,859.0,509.0
district,Seberang Perai Utara,-12393.0,-16633.0,-14109.0,-13943.0,-12173.0,-14354.0,-16140.0,-16132.0,-12537.0,-11030.0,-8233.0,-8906.0,-5559.0,-4660.0,-3070.0,-1579.0,-703.0,-294.0,12493.0,15327.0,12871.0,13102.0,11357.0,13870.0,14706.0,15355.0,12453.0,10702.0,8522.0,8985.0,5824.0,4869.0,3134.0,1626.0,899.0,552.0
district,Seberang Perai Selatan,-5015.0,-8865.0,-7594.0,-6857.0,-5339.0,-7290.0,-9288.0,-10488.0,-7824.0,-6423.0,-3977.0,-5681.0,-3853.0,-2681.0,-1058.0,-314.0,-164.0,-54.0,5005.0,8044.0,6504.0,5979.0,4946.0,6899.0,14471.0,9564.0,7090.0,5373.0,3921.0,6656.0,3000.0,2249.0,893.0,333.0,193.0,122.0
district,Timur Laut,-16284.0,-26633.0,-16956.0,-15032.0,-18745.0,-24897.0,-27435.0,-32321.0,-22443.0,-18170.0,-13389.0,-17253.0,-11405.0,-9083.0,-6276.0,-3397.0,-1867.0,-846.0,15168.0,23074.0,14150.0,13816.0,22957.0,23739.0,26532.0,26785.0,20485.0,16537.0,14469.0,18056.0,12415.0,10337.0,7097.0,4177.0,2649.0,1700.0
district,Barat Daya,-8918.0,-10929.0,-9656.0,-8236.0,-8105.0,-11396.0,-12446.0,-12036.0,-9114.0,-7489.0,-5705.0,-5914.0,-3743.0,-3019.0,-1869.0,-936.0,-488.0,-204.0,7153.0,8773.0,7548.0,7069.0,11300.0,13268.0,11843.0,11079.0,8895.0,7089.0,5882.0,6036.0,4065.0,3317.0,2020.0,1085.0,660.0,453.0
district,Batang Padang,-4656.0,-6248.0,-5789.0,-5771.0,-5735.0,-5674.0,-5677.0,-5267.0,-4168.0,-3462.0,-3006.0,-3334.0,-2648.0,-2152.0,-1752.0,-941.0,-435.0,-211.0,3785.0,4820.0,4435.0,5272.0,4863.0,3791.0,4301.0,4060.0,3315.0,3071.0,2920.0,3457.0,2901.0,2494.0,1811.0,924.0,564.0,339.0
district,Manjung,-9121.0,-12188.0,-10293.0,-10311.0,-13251.0,-12899.0,-12400.0,-11875.0,-8273.0,-6961.0,-5881.0,-6730.0,-4568.0,-3635.0,-2392.0,-1308.0,-646.0,-336.0,8829.0,11199.0,9393.0,9685.0,8174.0,8466.0,9136.0,9001.0,7117.0,6427.0,6157.0,6702.0,4661.0,3610.0,2499.0,1400.0,882.0,571.0
district,Kinta,-30997.0,-40406.0,-35374.0,-38021.0,-35523.0,-37031.0,-37198.0,-40717.0,-34835.0,-24977.0,-22912.0,-24380.0,-19917.0,-15879.0,-11199.0,-5847.0,-3815.0,-1808.0,29785.0,38095.0,31865.0,34463.0,28428.0,27932.0,30383.0,34166.0,31154.0,25620.0,24161.0,25907.0,21320.0,17391.0,12421.0,6813.0,4942.0,3085.0
district,Kerian,-5183.0,-7303.0,-7491.0,-8530.0,-7525.0,-6859.0,-6397.0,-6237.0,-5299.0,-4996.0,-4811.0,-5007.0,-3488.0,-2769.0,-1939.0,-1024.0,-596.0,-226.0,4722.0,6559.0,6756.0,7996.0,6382.0,5485.0,5180.0,5331.0,4905.0,5063.0,5114.0,4951.0,3811.0,3205.0,2547.0,1334.0,857.0,474.0
district,Kuala Kangsar,-6033.0,-8132.0,-8231.0,-8642.0,-8432.0,-6866.0,-6633.0,-6910.0,-5561.0,-4248.0,-4208.0,-4592.0,-3659.0,-3000.0,-1995.0,-1156.0,-716.0,-323.0,6142.0,8035.0,7484.0,7795.0,7963.0,5704.0,5959.0,6037.0,4946.0,4469.0,4481.0,4989.0,4145.0,3305.0,2364.0,1293.0,984.0,628.0
district,Larut Dan Matang,-10191.0,-13783.0,-11150.0,-11326.0,-10777.0,-10983.0,-10718.0,-10758.0,-9306.0,-7527.0,-7021.0,-7505.0,-6748.0,-5132.0,-3551.0,-1710.0,-1004.0,-569.0,9251.0,11632.0,10425.0,10627.0,8571.0,8545.0,8921.0,9072.0,8020.0,7284.0,7764.0,8383.0,7108.0,5791.0,3878.0,2225.0,1397.0,931.0
district,Hilir Perak,-3795.0,-5106.0,-5847.0,-6664.0,-6801.0,-7510.0,-6724.0,-6309.0,-5043.0,-4149.0,-3769.0,-4065.0,-3196.0,-2885.0,-1993.0,-1133.0,-582.0,-323.0,3710.0,4959.0,5590.0,6429.0,4455.0,4864.0,4362.0,4269.0,4095.0,3693.0,4045.0,4114.0,3592.0,2998.0,2214.0,1264.0,843.0,569.0
district,Hulu Perak,-3895.0,-4949.0,-4933.0,-4968.0,-3927.0,-4111.0,-3798.0,-3600.0,-3121.0,-2344.0,-2216.0,-2190.0,-1894.0,-1513.0,-982.0,-520.0,-310.0,-136.0,3606.0,4778.0,4617.0,4747.0,3393.0,3162.0,3227.0,2935.0,2599.0,2307.0,2345.0,2153.0,2001.0,1478.0,1026.0,574.0,446.0,275.0
district,Perak Tengah,-2949.0,-4103.0,-3734.0,-4801.0,-8052.0,-3720.0,-3812.0,-3473.0,-2869.0,-2219.0,-2169.0,-2151.0,-1787.0,-1297.0,-826.0,-398.0,-282.0,-121.0,2690.0,3795.0,3703.0,4617.0,6848.0,2937.0,3046.0,3076.0,2494.0,2292.0,2252.0,2203.0,1863.0,1516.0,1111.0,606.0,491.0,270.0
district,Kampar,-2564.0,-3835.0,-3717.0,-4971.0,-6584.0,-3320.0,-3322.0,-3304.0,-2925.0,-2403.0,-2496.0,-3407.0,-2477.0,-2087.0,-1499.0,-819.0,-554.0,-245.0,2582.0,3391.0,3053.0,4528.0,6431.0,2683.0,3074.0,2872.0,2684.0,2537.0,2624.0,3460.0,2561.0,2123.0,1588.0,945.0,645.0,422.0
district,Muallim,-2170.0,-2665.0,-2493.0,-3611.0,-7601.0,-3228.0,-2864.0,-2675.0,-2005.0,-1418.0,-1298.0,-1250.0,-1150.0,-988.0,-727.0,-297.0,-188.0,-97.0,2027.0,2573.0,2342.0,3267.0,12738.0,2866.0,2272.0,2283.0,1616.0,1403.0,1294.0,1430.0,1391.0,1071.0,655.0,338.0,251.0,146.0
district,Bagan Datuk,-1654.0,-2443.0,-3440.0,-6643.0,-2727.0,-3864.0,-5787.0,-3688.0,-6002.0,-1845.0,-1952.0,-1751.0,-1485.0,-1145.0,-762.0,-380.0,-203.0,-127.0,1619.0,2271.0,3036.0,5518.0,2024.0,2292.0,2353.0,2217.0,3929.0,2841.0,1825.0,1851.0,1615.0,1509.0,994.0,500.0,282.0,211.0
district,Selama,-1163.0,-1483.0,-1513.0,-1639.0,-1495.0,-1446.0,-1315.0,-1185.0,-1033.0,-878.0,-909.0,-1009.0,-784.0,-666.0,-461.0,-207.0,-165.0,-65.0,1068.0,1517.0,1464.0,1627.0,1308.0,1148.0,1043.0,1019.0,896.0,921.0,1057.0,1113.0,915.0,749.0,520.0,313.0,222.0,123.0
district,Perlis,-7825.0,-10107.0,-12334.0,-19413.0,-16043.0,-11051.0,-10120.0,-9866.0,-12675.0,-5664.0,-5994.0,-6272.0,-5016.0,-4111.0,-2881.0,-1577.0,-933.0,-463.0,7349.0,9283.0,11373.0,17652.0,16280.0,9809.0,9491.0,9453.0,13248.0,7424.0,6530.0,6719.0,5508.0,5204.0,3150.0,1880.0,1291.0,896.0
district,Gombak,-82263.0,-54040.0,-42861.0,-35693.0,-27094.0,-31316.0,-50351.0,-51257.0,-38889.0,-28107.0,-16178.0,-16281.0,-6652.0,-5269.0,-3236.0,-1367.0,-627.0,-307.0,77964.0,51462.0,39013.0,31382.0,27671.0,32580.0,46042.0,44364.0,35206.0,21762.0,14163.0,11243.0,6602.0,5517.0,3087.0,1321.0,775.0,458.0
district,Klang,-49405.0,-60914.0,-50411.0,-40359.0,-33966.0,-53939.0,-71273.0,-70339.0,-48938.0,-35218.0,-22140.0,-21474.0,-12951.0,-10136.0,-5353.0,-2322.0,-1102.0,-493.0,49320.0,58634.0,43622.0,36016.0,27471.0,41784.0,51578.0,52538.0,39893.0,27028.0,19774.0,18705.0,12758.0,9699.0,4916.0,2395.0,1362.0,716.0
district,Kuala Langat,-12390.0,-16996.0,-12730.0,-12226.0,-11402.0,-14661.0,-16319.0,-16036.0,-11902.0,-11642.0,-7282.0,-8398.0,-3817.0,-2674.0,-1436.0,-914.0,-354.0,-181.0,12408.0,16351.0,11685.0,12016.0,9506.0,12118.0,15513.0,14715.0,10995.0,8880.0,6596.0,6497.0,3494.0,2307.0,1481.0,797.0,462.0,268.0
district,Kuala Selangor,-12543.0,-15732.0,-13415.0,-11218.0,-11279.0,-11492.0,-13718.0,-15198.0,-10362.0,-8148.0,-5842.0,-5266.0,-4444.0,-2613.0,-1619.0,-677.0,-336.0,-171.0,13079.0,14919.0,12463.0,10544.0,14062.0,9975.0,12346.0,13696.0,9190.0,7300.0,5538.0,4819.0,3822.0,2644.0,1659.0,775.0,498.0,309.0
district,Petaling,-111578.0,-134665.0,-93062.0,-68828.0,-77266.0,-124838.0,-148018.0,-153434.0,-104151.0,-75613.0,-38967.0,-35375.0,-21196.0,-16466.0,-9769.0,-4645.0,-2369.0,-1280.0,120310.0,125078.0,81242.0,60403.0,70070.0,103233.0,123762.0,122936.0,84875.0,56573.0,35731.0,32745.0,22299.0,16608.0,10057.0,5193.0,3292.0,2203.0
district,Sabak Bernam,-4040.0,-5185.0,-4533.0,-5093.0,-5297.0,-4058.0,-4229.0,-3877.0,-3135.0,-3392.0,-3198.0,-3244.0,-2343.0,-1704.0,-1221.0,-686.0,-361.0,-210.0,3871.0,4965.0,4151.0,4717.0,4003.0,3089.0,3407.0,3333.0,3039.0,3176.0,3277.0,3017.0,2249.0,1829.0,1413.0,847.0,515.0,353.0
district,Sepang,-13952.0,-15650.0,-12545.0,-11337.0,-13267.0,-18731.0,-23445.0,-21405.0,-14757.0,-11242.0,-5845.0,-5173.0,-3328.0,-1951.0,-990.0,-417.0,-373.0,-168.0,14227.0,15180.0,11660.0,9955.0,9149.0,16790.0,18830.0,17058.0,12224.0,8787.0,4846.0,4975.0,2854.0,2018.0,1064.0,454.0,385.0,212.0
district,Ulu Langat,-70398.0,-72406.0,-55359.0,-51830.0,-49664.0,-78502.0,-97740.0,-82837.0,-54250.0,-44239.0,-27209.0,-25011.0,-14245.0,-10086.0,-4447.0,-2046.0,-906.0,-399.0,73616.0,67841.0,50419.0,45631.0,48735.0,70165.0,77273.0,66426.0,47422.0,33526.0,24669.0,22180.0,13567.0,9045.0,4170.0,2124.0,1312.0,766.0
district,Ulu Selangor,-11451.0,-13601.0,-11362.0,-10358.0,-9139.0,-12825.0,-13965.0,-12369.0,-9082.0,-6649.0,-4867.0,-5185.0,-3420.0,-2618.0,-1220.0,-614.0,-458.0,-142.0,11760.0,12503.0,9736.0,8762.0,7077.0,10210.0,12136.0,10610.0,7470.0,5563.0,4892.0,5041.0,3290.0,2232.0,1199.0,729.0,354.0,140.0
district,Besut,-7049.0,-8447.0,-8551.0,-8691.0,-6746.0,-6230.0,-5677.0,-5164.0,-4196.0,-3957.0,-3668.0,-3313.0,-2646.0,-1857.0,-1153.0,-663.0,-300.0,-114.0,6720.0,7679.0,7960.0,7958.0,6619.0,5523.0,4945.0,4661.0,4026.0,4060.0,4011.0,3547.0,2912.0,1992.0,1390.0,948.0,512.0,283.0
district,Dungun,-6623.0,-8778.0,-7602.0,-8716.0,-7876.0,-7965.0,-6850.0,-6276.0,-4624.0,-3819.0,-3147.0,-3233.0,-2306.0,-1710.0,-990.0,-492.0,-186.0,-77.0,6846.0,8708.0,7167.0,8603.0,7340.0,5965.0,5896.0,5527.0,4178.0,3817.0,3282.0,3433.0,2388.0,1717.0,925.0,589.0,319.0,160.0
district,Kemaman,-9287.0,-14022.0,-11750.0,-10094.0,-8495.0,-8466.0,-10419.0,-11278.0,-8064.0,-6449.0,-4280.0,-4347.0,-2648.0,-1746.0,-1018.0,-426.0,-159.0,-61.0,9965.0,13602.0,11167.0,8915.0,6503.0,7353.0,9183.0,9485.0,6783.0,5539.0,4203.0,4129.0,2545.0,1636.0,802.0,437.0,230.0,96.0
district,Kuala Terengganu,-9105.0,-11186.0,-10458.0,-10804.0,-11537.0,-10092.0,-9483.0,-8583.0,-6491.0,-5485.0,-5159.0,-5090.0,-4502.0,-3267.0,-2240.0,-1351.0,-752.0,-265.0,8677.0,10502.0,9752.0,9870.0,11422.0,9549.0,8472.0,7788.0,6137.0,5779.0,5873.0,5656.0,5109.0,3736.0,2368.0,1696.0,1090.0,455.0
district,Marang,-5062.0,-6450.0,-6205.0,-6257.0,-5377.0,-4558.0,-4383.0,-4265.0,-3441.0,-2945.0,-2843.0,-2652.0,-1940.0,-1368.0,-821.0,-451.0,-301.0,-109.0,4701.0,5741.0,5819.0,5734.0,4519.0,4322.0,4225.0,4087.0,3435.0,3177.0,3003.0,2712.0,2139.0,1432.0,921.0,568.0,448.0,194.0
district,Hulu Terengganu,-2714.0,-3300.0,-3323.0,-3244.0,-3465.0,-3360.0,-3078.0,-3022.0,-2351.0,-1949.0,-1632.0,-1703.0,-1408.0,-1128.0,-647.0,-432.0,-210.0,-85.0,2524.0,3183.0,3028.0,2867.0,2312.0,2415.0,2390.0,2289.0,1800.0,1881.0,1834.0,1823.0,1521.0,1077.0,732.0,569.0,376.0,209.0
district,Setiu,-2536.0,-3118.0,-3353.0,-3142.0,-2898.0,-2454.0,-2177.0,-2064.0,-1823.0,-1471.0,-1393.0,-1212.0,-1012.0,-708.0,-523.0,-257.0,-143.0,-61.0,2420.0,2997.0,3018.0,3105.0,2812.0,2109.0,1972.0,1859.0,1668.0,1568.0,1452.0,1255.0,1067.0,790.0,494.0,348.0,231.0,141.0
district,Kuala Nerus,-5930.0,-7036.0,-6617.0,-7423.0,-8721.0,-6030.0,-5749.0,-5341.0,-4157.0,-3397.0,-3138.0,-3080.0,-2403.0,-1650.0,-988.0,-459.0,-264.0,-107.0,5638.0,6566.0,6225.0,7380.0,11065.0,5709.0,5218.0,4804.0,3961.0,3596.0,3396.0,3271.0,2519.0,1598.0,1015.0,587.0,433.0,171.0
district,Tawau,-16187.0,-26401.0,-19324.0,-17097.0,-14777.0,-17405.0,-16499.0,-15973.0,-12513.0,-10829.0,-8942.0,-7216.0,-4947.0,-2986.0,-1631.0,-869.0,-491.0,-253.0,15962.0,24689.0,17185.0,14621.0,13140.0,17131.0,14941.0,14685.0,11664.0,10074.0,7808.0,6291.0,4493.0,2554.0,1476.0,796.0,466.0,299.0
district,Lahad Datu,-11608.0,-16049.0,-10972.0,-9795.0,-11269.0,-13594.0,-11783.0,-10060.0,-7756.0,-6062.0,-4680.0,-3466.0,-2097.0,-1311.0,-662.0,-306.0,-201.0,-144.0,11123.0,13921.0,9733.0,9138.0,9786.0,12035.0,10355.0,8970.0,6620.0,5166.0,3846.0,2817.0,1767.0,1018.0,472.0,233.0,189.0,134.0
district,Semporna,-9067.0,-13785.0,-10522.0,-9755.0,-6987.0,-6810.0,-5701.0,-5083.0,-4195.0,-3706.0,-3427.0,-2382.0,-1845.0,-989.0,-539.0,-292.0,-195.0,-121.0,8571.0,12403.0,9221.0,8731.0,6903.0,7114.0,5671.0,5149.0,4258.0,3990.0,3080.0,2203.0,1770.0,944.0,510.0,328.0,206.0,134.0
district,Sandakan,-16897.0,-26101.0,-24409.0,-24007.0,-20718.0,-20341.0,-16863.0,-17170.0,-14068.0,-12612.0,-10625.0,-8683.0,-5809.0,-3572.0,-2144.0,-1019.0,-586.0,-425.0,16581.0,24833.0,22392.0,22995.0,19002.0,19457.0,15735.0,16629.0,14046.0,12405.0,9488.0,7530.0,5066.0,3058.0,1837.0,879.0,603.0,465.0
district,Kinabatangan,-7252.0,-9585.0,-7760.0,-6766.0,-7849.0,-7892.0,-7182.0,-7545.0,-6162.0,-5092.0,-3277.0,-1679.0,-794.0,-354.0,-188.0,-105.0,-51.0,-67.0,6626.0,8414.0,6522.0,5564.0,5945.0,5925.0,5724.0,6249.0,4674.0,3609.0,2058.0,1128.0,516.0,239.0,117.0,84.0,50.0,68.0
district,Beluran,-3342.0,-5428.0,-4705.0,-2901.0,-3054.0,-3778.0,-3834.0,-4155.0,-3729.0,-2470.0,-1986.0,-1009.0,-580.0,-312.0,-163.0,-120.0,-54.0,-55.0,3212.0,5116.0,4096.0,2542.0,2625.0,3194.0,3329.0,3578.0,2782.0,1890.0,1275.0,683.0,480.0,251.0,163.0,112.0,66.0,56.0
district,Kota Kinabalu,-20542.0,-27340.0,-22099.0,-20077.0,-24128.0,-21735.0,-23001.0,-22546.0,-19421.0,-16207.0,-13383.0,-10316.0,-7222.0,-4122.0,-2331.0,-1182.0,-657.0,-430.0,19928.0,26253.0,21398.0,18856.0,25101.0,21180.0,22308.0,22075.0,19084.0,14992.0,11215.0,8209.0,5506.0,3243.0,2010.0,1050.0,750.0,524.0
district,Ranau,-2602.0,-4246.0,-4743.0,-4815.0,-3898.0,-3553.0,-3689.0,-3731.0,-2899.0,-2510.0,-2536.0,-1837.0,-1253.0,-783.0,-400.0,-265.0,-159.0,-87.0,2801.0,4374.0,4876.0,4508.0,3656.0,3553.0,3337.0,3374.0,2483.0,2181.0,2109.0,1346.0,1003.0,606.0,375.0,253.0,142.0,94.0
district,Kota Belud,-3983.0,-6181.0,-6461.0,-6143.0,-4246.0,-3667.0,-3507.0,-3584.0,-2928.0,-3182.0,-2833.0,-2291.0,-1945.0,-1149.0,-729.0,-494.0,-368.0,-254.0,3616.0,5822.0,5975.0,5783.0,4378.0,3701.0,3563.0,3574.0,2962.0,3249.0,2678.0,2243.0,2167.0,1237.0,867.0,627.0,505.0,351.0
district,Tuaran,-5607.0,-7775.0,-7300.0,-6619.0,-5089.0,-4740.0,-5459.0,-5759.0,-4568.0,-3827.0,-3750.0,-3441.0,-2180.0,-1247.0,-708.0,-416.0,-260.0,-147.0,5257.0,7289.0,6698.0,6376.0,5284.0,5074.0,5534.0,5730.0,4507.0,3761.0,3531.0,2959.0,1935.0,1141.0,733.0,452.0,302.0,210.0
district,Penampang,-6036.0,-7598.0,-6664.0,-6716.0,-6817.0,-8107.0,-8412.0,-7799.0,-7237.0,-6069.0,-4903.0,-3793.0,-2524.0,-1520.0,-850.0,-439.0,-219.0,-105.0,5607.0,6940.0,6302.0,5882.0,5239.0,5967.0,7084.0,7987.0,7314.0,5857.0,4213.0,2889.0,2027.0,1322.0,832.0,420.0,281.0,203.0
district,Papar,-4501.0,-6770.0,-7558.0,-8217.0,-8438.0,-6371.0,-6048.0,-5412.0,-5269.0,-5298.0,-6149.0,-3958.0,-1904.0,-1453.0,-626.0,-502.0,-176.0,-141.0,4334.0,6517.0,7326.0,7845.0,7229.0,5788.0,5652.0,5277.0,5049.0,5104.0,4862.0,2708.0,1680.0,1225.0,561.0,366.0,203.0,150.0
district,Kudat,-3569.0,-5388.0,-5453.0,-4989.0,-3051.0,-2941.0,-3022.0,-3202.0,-2716.0,-2498.0,-2120.0,-1663.0,-1297.0,-778.0,-546.0,-320.0,-201.0,-167.0,3520.0,5162.0,5203.0,4642.0,3095.0,3000.0,3202.0,3190.0,2656.0,2271.0,1804.0,1474.0,1202.0,764.0,540.0,329.0,272.0,163.0
district,Kota Marudu,-3482.0,-4448.0,-3901.0,-3162.0,-2521.0,-2476.0,-2918.0,-3007.0,-2276.0,-1776.0,-1520.0,-1420.0,-1179.0,-669.0,-440.0,-256.0,-167.0,-115.0,3202.0,4136.0,3689.0,3037.0,2502.0,2663.0,2929.0,2700.0,2019.0,1662.0,1403.0,1139.0,1022.0,586.0,510.0,263.0,204.0,129.0
district,Pitas,-1686.0,-2271.0,-2066.0,-1841.0,-1499.0,-1329.0,-1433.0,-1384.0,-1196.0,-1004.0,-922.0,-614.0,-661.0,-391.0,-294.0,-137.0,-119.0,-79.0,1523.0,2083.0,1947.0,1695.0,1435.0,1289.0,1425.0,1223.0,1086.0,944.0,763.0,618.0,609.0,376.0,321.0,165.0,148.0,84.0
district,Beaufort,-2820.0,-3814.0,-3919.0,-3830.0,-2984.0,-2703.0,-2725.0,-2878.0,-2665.0,-2560.0,-2169.0,-1963.0,-1522.0,-912.0,-588.0,-316.0,-228.0,-161.0,2605.0,3596.0,3652.0,3553.0,2980.0,2626.0,2818.0,2966.0,2576.0,2342.0,1988.0,1680.0,1413.0,883.0,552.0,343.0,239.0,147.0
district,Kuala Penyu,-753.0,-1259.0,-1385.0,-1239.0,-887.0,-612.0,-677.0,-834.0,-812.0,-903.0,-806.0,-510.0,-479.0,-290.0,-212.0,-100.0,-68.0,-37.0,780.0,1276.0,1377.0,1208.0,760.0,716.0,791.0,939.0,981.0,874.0,612.0,480.0,436.0,259.0,163.0,104.0,57.0,34.0
district,Sipitang,-1756.0,-2215.0,-2059.0,-2004.0,-1379.0,-1335.0,-1475.0,-1521.0,-1168.0,-1206.0,-1182.0,-953.0,-635.0,-360.0,-172.0,-124.0,-88.0,-39.0,1592.0,2150.0,1790.0,1661.0,1348.0,1475.0,1380.0,1413.0,1259.0,1145.0,958.0,742.0,536.0,295.0,172.0,122.0,72.0,47.0
district,Tenom,-1702.0,-2714.0,-3246.0,-3139.0,-2107.0,-1757.0,-1854.0,-1818.0,-1499.0,-1453.0,-1706.0,-1327.0,-966.0,-464.0,-260.0,-185.0,-108.0,-70.0,1645.0,2675.0,3018.0,2982.0,2118.0,1939.0,1716.0,1681.0,1387.0,1497.0,1359.0,1065.0,800.0,394.0,276.0,176.0,135.0,90.0
district,Nabawan,-1086.0,-1533.0,-1532.0,-1679.0,-1487.0,-1731.0,-1347.0,-1149.0,-928.0,-795.0,-639.0,-498.0,-289.0,-135.0,-106.0,-53.0,-41.0,-50.0,1003.0,1416.0,1429.0,1670.0,1365.0,1415.0,1123.0,971.0,660.0,563.0,543.0,414.0,228.0,168.0,128.0,82.0,56.0,37.0
district,Keningau,-5707.0,-10111.0,-9190.0,-7769.0,-5674.0,-5544.0,-5781.0,-6239.0,-5578.0,-4793.0,-3873.0,-3191.0,-2136.0,-1069.0,-584.0,-327.0,-226.0,-160.0,5193.0,9544.0,8069.0,6938.0,5570.0,5788.0,5879.0,6634.0,4930.0,4448.0,3420.0,2543.0,1709.0,917.0,572.0,341.0,257.0,223.0
district,Tambunan,-1475.0,-2292.0,-1587.0,-1385.0,-1048.0,-1064.0,-1215.0,-1307.0,-1034.0,-902.0,-759.0,-715.0,-538.0,-325.0,-186.0,-112.0,-63.0,-51.0,1484.0,2125.0,1532.0,1221.0,1039.0,1145.0,1303.0,1299.0,953.0,755.0,699.0,638.0,507.0,290.0,207.0,136.0,83.0,99.0
district,Kunak,-3377.0,-5684.0,-4299.0,-3441.0,-2717.0,-3930.0,-3342.0,-2668.0,-2219.0,-1712.0,-1377.0,-969.0,-690.0,-369.0,-205.0,-109.0,-59.0,-33.0,3110.0,5099.0,3527.0,2708.0,2329.0,2928.0,2780.0,2426.0,1917.0,1467.0,1243.0,861.0,610.0,332.0,153.0,93.0,70.0,40.0
district,Tongod,-2549.0,-3080.0,-2381.0,-1736.0,-1583.0,-2163.0,-2221.0,-2140.0,-1749.0,-1167.0,-878.0,-553.0,-409.0,-199.0,-100.0,-107.0,-52.0,-59.0,2338.0,2768.0,2115.0,1594.0,1400.0,1820.0,1803.0,1798.0,1315.0,809.0,591.0,411.0,347.0,178.0,130.0,87.0,52.0,60.0
district,Putatan,-2681.0,-3475.0,-3283.0,-2966.0,-3387.0,-3429.0,-3105.0,-2947.0,-2474.0,-2131.0,-1822.0,-1498.0,-1113.0,-661.0,-332.0,-150.0,-84.0,-52.0,2473.0,3363.0,3053.0,2672.0,2638.0,3202.0,3001.0,3059.0,2570.0,2074.0,1698.0,1286.0,923.0,610.0,296.0,155.0,82.0,66.0
district,Telupid,-1294.0,-1831.0,-1419.0,-1056.0,-976.0,-1389.0,-1522.0,-1901.0,-1588.0,-1407.0,-727.0,-482.0,-171.0,-108.0,-55.0,-35.0,-16.0,-15.0,1201.0,1885.0,1411.0,996.0,938.0,1271.0,1398.0,1496.0,1020.0,657.0,409.0,245.0,130.0,83.0,46.0,36.0,10.0,17.0
district,Kalabakan,-2563.0,-3408.0,-2250.0,-1919.0,-2102.0,-2451.0,-2681.0,-2641.0,-2205.0,-1718.0,-1157.0,-627.0,-439.0,-191.0,-87.0,-39.0,-8.0,-17.0,2305.0,2991.0,1967.0,1616.0,1619.0,2027.0,2229.0,2139.0,1737.0,1238.0,756.0,513.0,286.0,124.0,64.0,35.0,24.0,22.0
district,Kuching,-18687.0,-25239.0,-24737.0,-27311.0,-28430.0,-28065.0,-25448.0,-23373.0,-19907.0,-18332.0,-16437.0,-16212.0,-12009.0,-9909.0,-6411.0,-3920.0,-2089.0,-1150.0,18033.0,23675.0,23052.0,24923.0,26642.0,27132.0,25014.0,22711.0,20351.0,18496.0,17172.0,16048.0,12701.0,10456.0,6763.0,4085.0,2553.0,1732.0
district,Bau,-1504.0,-1889.0,-2129.0,-2555.0,-2435.0,-2396.0,-2068.0,-1771.0,-1625.0,-1832.0,-1903.0,-1669.0,-1331.0,-912.0,-652.0,-333.0,-165.0,-170.0,1397.0,1764.0,1964.0,2222.0,2026.0,2141.0,1869.0,1641.0,1557.0,1645.0,1747.0,1536.0,1164.0,936.0,684.0,481.0,264.0,266.0
district,Lundu,-1036.0,-1477.0,-1629.0,-1521.0,-1346.0,-1548.0,-1432.0,-1381.0,-1220.0,-1246.0,-1096.0,-982.0,-720.0,-547.0,-388.0,-234.0,-90.0,-63.0,952.0,1334.0,1459.0,1326.0,1062.0,1101.0,1057.0,1041.0,996.0,1061.0,955.0,972.0,737.0,572.0,372.0,286.0,129.0,111.0
district,Samarahan,-4139.0,-5141.0,-5164.0,-6532.0,-9849.0,-5281.0,-4700.0,-4629.0,-4057.0,-3556.0,-2793.0,-2197.0,-1610.0,-1172.0,-647.0,-444.0,-197.0,-104.0,3893.0,4951.0,4806.0,7893.0,12993.0,5074.0,4846.0,4877.0,4122.0,3384.0,2719.0,2077.0,1609.0,1172.0,692.0,533.0,257.0,174.0
district,Serian,-2356.0,-3308.0,-3787.0,-3943.0,-3281.0,-3133.0,-3128.0,-2729.0,-2739.0,-2942.0,-3050.0,-2805.0,-2401.0,-1871.0,-1165.0,-708.0,-261.0,-211.0,2108.0,3156.0,3472.0,3617.0,2940.0,2830.0,2777.0,2575.0,2722.0,2956.0,2952.0,2655.0,2337.0,1752.0,1170.0,757.0,389.0,362.0
district,Simunjan,-1079.0,-1518.0,-1661.0,-1632.0,-1336.0,-1430.0,-1492.0,-1333.0,-1237.0,-1196.0,-1266.0,-1077.0,-1041.0,-702.0,-543.0,-327.0,-123.0,-84.0,968.0,1342.0,1555.0,1495.0,1169.0,1131.0,1229.0,1036.0,1004.0,1011.0,1202.0,1126.0,987.0,733.0,543.0,328.0,165.0,110.0
district,Sri Aman,-1745.0,-2544.0,-2318.0,-2209.0,-2577.0,-2968.0,-2736.0,-2114.0,-1688.0,-2077.0,-2022.0,-1685.0,-1510.0,-1269.0,-947.0,-699.0,-350.0,-252.0,1565.0,2425.0,2177.0,2118.0,2044.0,2554.0,2116.0,1789.0,1768.0,1887.0,1943.0,1722.0,1626.0,1281.0,1056.0,697.0,401.0,359.0
district,Lubok Antu,-508.0,-877.0,-1018.0,-867.0,-745.0,-847.0,-1003.0,-809.0,-798.0,-899.0,-963.0,-867.0,-707.0,-603.0,-422.0,-336.0,-146.0,-75.0,485.0,831.0,934.0,928.0,705.0,761.0,859.0,715.0,743.0,868.0,848.0,947.0,730.0,576.0,543.0,302.0,184.0,124.0
district,Betong,-875.0,-1309.0,-1597.0,-1605.0,-1282.0,-1324.0,-1664.0,-1296.0,-1262.0,-1299.0,-1346.0,-1245.0,-862.0,-827.0,-456.0,-359.0,-169.0,-97.0,901.0,1224.0,1546.0,1534.0,1142.0,1292.0,1322.0,1101.0,1005.0,1130.0,1216.0,1155.0,935.0,767.0,514.0,359.0,157.0,129.0
district,Saratok,-510.0,-701.0,-844.0,-822.0,-712.0,-797.0,-969.0,-731.0,-863.0,-861.0,-875.0,-975.0,-678.0,-501.0,-280.0,-157.0,-61.0,-46.0,579.0,755.0,818.0,859.0,796.0,838.0,968.0,709.0,860.0,894.0,866.0,955.0,680.0,484.0,307.0,176.0,85.0,93.0
district,Sarikei,-1218.0,-1759.0,-2073.0,-2071.0,-1626.0,-1501.0,-1562.0,-1525.0,-1467.0,-1496.0,-1534.0,-1239.0,-1061.0,-910.0,-525.0,-278.0,-167.0,-109.0,1154.0,1677.0,1951.0,1867.0,1488.0,1577.0,1542.0,1552.0,1568.0,1511.0,1520.0,1349.0,1091.0,853.0,536.0,357.0,168.0,157.0
district,Maradong,-599.0,-982.0,-935.0,-893.0,-744.0,-743.0,-671.0,-610.0,-539.0,-664.0,-702.0,-742.0,-443.0,-344.0,-258.0,-160.0,-57.0,-41.0,553.0,985.0,886.0,886.0,712.0,748.0,655.0,633.0,633.0,688.0,740.0,668.0,452.0,362.0,257.0,167.0,77.0,70.0
district,Daro,-627.0,-1031.0,-974.0,-830.0,-671.0,-1034.0,-1068.0,-918.0,-723.0,-598.0,-542.0,-462.0,-368.0,-294.0,-192.0,-114.0,-63.0,-19.0,594.0,924.0,863.0,779.0,571.0,809.0,746.0,646.0,521.0,493.0,480.0,492.0,340.0,301.0,194.0,116.0,54.0,26.0
district,Julau,-400.0,-633.0,-715.0,-656.0,-505.0,-546.0,-443.0,-420.0,-486.0,-580.0,-584.0,-525.0,-348.0,-310.0,-231.0,-119.0,-82.0,-30.0,419.0,641.0,689.0,695.0,455.0,529.0,458.0,463.0,526.0,530.0,557.0,526.0,364.0,286.0,268.0,145.0,102.0,67.0
district,Sibu,-6967.0,-9768.0,-10578.0,-10894.0,-11703.0,-12205.0,-10866.0,-10017.0,-8776.0,-7980.0,-7175.0,-6499.0,-5028.0,-3921.0,-2615.0,-1484.0,-902.0,-444.0,6304.0,9013.0,9232.0,10172.0,9901.0,10015.0,9632.0,9346.0,8594.0,8099.0,7366.0,6355.0,5419.0,4069.0,2947.0,1748.0,1167.0,863.0
district,Dalat,-672.0,-854.0,-952.0,-995.0,-787.0,-937.0,-937.0,-713.0,-807.0,-653.0,-659.0,-542.0,-463.0,-393.0,-258.0,-177.0,-86.0,-47.0,627.0,791.0,875.0,860.0,678.0,817.0,740.0,661.0,663.0,617.0,648.0,591.0,498.0,470.0,312.0,204.0,96.0,67.0
district,Mukah,-1419.0,-1834.0,-1766.0,-1736.0,-2303.0,-2152.0,-2071.0,-1950.0,-1604.0,-1498.0,-1145.0,-943.0,-750.0,-549.0,-345.0,-207.0,-93.0,-59.0,1381.0,1699.0,1620.0,1685.0,2099.0,1727.0,1680.0,1545.0,1242.0,1175.0,977.0,833.0,757.0,567.0,399.0,244.0,128.0,93.0
district,Kanowit,-732.0,-1079.0,-1196.0,-1073.0,-678.0,-860.0,-809.0,-747.0,-732.0,-801.0,-799.0,-883.0,-647.0,-543.0,-342.0,-232.0,-116.0,-80.0,632.0,982.0,1179.0,1107.0,679.0,791.0,791.0,748.0,723.0,778.0,892.0,850.0,667.0,499.0,426.0,269.0,205.0,133.0
district,Bintulu,-5770.0,-8101.0,-8509.0,-8235.0,-7811.0,-12118.0,-11218.0,-9806.0,-6494.0,-5453.0,-4168.0,-3728.0,-2364.0,-1484.0,-749.0,-402.0,-205.0,-95.0,5491.0,7560.0,7659.0,7483.0,6497.0,9124.0,8694.0,7702.0,5329.0,4928.0,3545.0,3178.0,1979.0,1215.0,745.0,400.0,238.0,169.0
district,Tatau,-953.0,-1627.0,-1461.0,-1234.0,-1156.0,-1975.0,-2499.0,-1670.0,-1040.0,-996.0,-762.0,-799.0,-467.0,-395.0,-254.0,-139.0,-58.0,-57.0,890.0,1473.0,1359.0,1095.0,849.0,1588.0,1666.0,1214.0,861.0,843.0,697.0,692.0,406.0,342.0,188.0,119.0,36.0,60.0
district,Kapit,-1208.0,-1712.0,-1991.0,-1760.0,-1138.0,-1362.0,-1419.0,-1187.0,-1122.0,-1078.0,-1094.0,-1109.0,-705.0,-484.0,-333.0,-270.0,-104.0,-58.0,1081.0,1599.0,1851.0,1738.0,1150.0,1422.0,1311.0,1223.0,1164.0,1112.0,1130.0,1014.0,634.0,464.0,418.0,261.0,188.0,136.0
district,Song,-296.0,-442.0,-550.0,-443.0,-225.0,-286.0,-292.0,-283.0,-259.0,-303.0,-334.0,-338.0,-268.0,-212.0,-160.0,-97.0,-52.0,-38.0,304.0,423.0,477.0,378.0,254.0,330.0,300.0,297.0,298.0,361.0,366.0,343.0,279.0,223.0,171.0,131.0,95.0,53.0
district,Belaga,-462.0,-875.0,-1032.0,-1200.0,-988.0,-1537.0,-1405.0,-1679.0,-1237.0,-887.0,-534.0,-517.0,-227.0,-150.0,-109.0,-70.0,-30.0,-19.0,470.0,850.0,946.0,1084.0,795.0,1026.0,898.0,815.0,755.0,671.0,406.0,339.0,227.0,121.0,66.0,44.0,21.0,10.0
district,Miri,-6511.0,-9393.0,-10500.0,-11031.0,-12683.0,-13628.0,-13234.0,-10785.0,-8764.0,-7882.0,-6518.0,-6584.0,-4925.0,-3879.0,-2239.0,-1077.0,-547.0,-365.0,6146.0,8434.0,8869.0,9720.0,10324.0,12378.0,11578.0,9817.0,8481.0,7735.0,6519.0,6223.0,4621.0,3421.0,1950.0,977.0,687.0,452.0
district,Marudi,-422.0,-768.0,-965.0,-1093.0,-606.0,-949.0,-900.0,-975.0,-894.0,-601.0,-476.0,-435.0,-324.0,-293.0,-154.0,-94.0,-89.0,-51.0,456.0,709.0,856.0,932.0,473.0,727.0,709.0,755.0,846.0,517.0,397.0,380.0,308.0,282.0,148.0,96.0,95.0,63.0
district,Limbang,-1552.0,-2174.0,-2249.0,-2129.0,-1703.0,-1833.0,-1847.0,-1714.0,-1442.0,-1418.0,-1259.0,-1271.0,-1007.0,-761.0,-419.0,-191.0,-134.0,-88.0,1529.0,2011.0,2051.0,1965.0,1491.0,1714.0,1758.0,1617.0,1429.0,1369.0,1269.0,1176.0,933.0,626.0,431.0,234.0,168.0,99.0
district,Lawas,-1382.0,-1723.0,-1814.0,-1686.0,-1424.0,-1499.0,-1397.0,-1297.0,-1128.0,-1134.0,-1060.0,-1022.0,-775.0,-614.0,-342.0,-221.0,-114.0,-92.0,1348.0,1800.0,1707.0,1612.0,1304.0,1453.0,1337.0,1270.0,1059.0,1012.0,987.0,851.0,760.0,569.0,346.0,216.0,152.0,97.0
district,Matu,-501.0,-636.0,-682.0,-629.0,-626.0,-927.0,-1039.0,-761.0,-667.0,-564.0,-443.0,-422.0,-315.0,-248.0,-191.0,-104.0,-56.0,-31.0,419.0,609.0,616.0,612.0,480.0,655.0,621.0,543.0,492.0,446.0,432.0,408.0,378.0,306.0,239.0,130.0,55.0,33.0
district,Asajaya,-1102.0,-1524.0,-1733.0,-1674.0,-1295.0,-1273.0,-1245.0,-1046.0,-997.0,-959.0,-1075.0,-882.0,-764.0,-617.0,-462.0,-300.0,-124.0,-69.0,1014.0,1417.0,1633.0,1605.0,1162.0,1202.0,1078.0,979.0,1014.0,1033.0,1021.0,898.0,772.0,650.0,406.0,321.0,159.0,101.0
district,Pakan,-521.0,-671.0,-723.0,-677.0,-842.0,-696.0,-570.0,-405.0,-436.0,-542.0,-586.0,-481.0,-340.0,-263.0,-205.0,-110.0,-50.0,-42.0,391.0,556.0,619.0,608.0,658.0,621.0,478.0,405.0,417.0,495.0,536.0,459.0,344.0,241.0,218.0,111.0,80.0,65.0
district,Selangau,-478.0,-792.0,-778.0,-731.0,-725.0,-860.0,-904.0,-806.0,-731.0,-741.0,-745.0,-618.0,-426.0,-384.0,-248.0,-138.0,-89.0,-41.0,497.0,820.0,820.0,788.0,619.0,745.0,719.0,644.0,605.0,702.0,645.0,594.0,439.0,339.0,275.0,175.0,114.0,69.0
district,Tebedu,-558.0,-930.0,-1190.0,-1377.0,-789.0,-793.0,-1001.0,-776.0,-950.0,-882.0,-842.0,-959.0,-655.0,-490.0,-310.0,-159.0,-66.0,-80.0,630.0,1015.0,1133.0,1424.0,809.0,802.0,916.0,612.0,799.0,873.0,804.0,866.0,607.0,452.0,303.0,223.0,69.0,88.0
district,Pusa,-850.0,-1068.0,-1448.0,-839.0,-614.0,-665.0,-728.0,-569.0,-542.0,-504.0,-605.0,-495.0,-419.0,-327.0,-184.0,-108.0,-62.0,-27.0,679.0,933.0,1162.0,780.0,606.0,672.0,693.0,596.0,512.0,596.0,620.0,542.0,369.0,313.0,202.0,129.0,52.0,47.0
district,Kabong,-485.0,-759.0,-796.0,-793.0,-581.0,-590.0,-672.0,-548.0,-572.0,-695.0,-738.0,-598.0,-513.0,-388.0,-278.0,-158.0,-51.0,-50.0,457.0,679.0,802.0,698.0,557.0,608.0,612.0,601.0,582.0,665.0,738.0,599.0,553.0,434.0,303.0,145.0,52.0,54.0
district,Tanjung Manis,-228.0,-305.0,-343.0,-306.0,-344.0,-403.0,-371.0,-295.0,-287.0,-311.0,-307.0,-223.0,-181.0,-123.0,-92.0,-66.0,-26.0,-8.0,258.0,295.0,320.0,244.0,267.0,315.0,303.0,228.0,212.0,255.0,253.0,216.0,214.0,125.0,94.0,68.0,36.0,24.0
district,Sebauh,-535.0,-1204.0,-1075.0,-760.0,-1029.0,-2636.0,-2538.0,-2060.0,-1157.0,-1078.0,-717.0,-1066.0,-368.0,-229.0,-151.0,-97.0,-37.0,-27.0,519.0,1085.0,957.0,693.0,858.0,1928.0,1666.0,1276.0,853.0,781.0,759.0,786.0,296.0,177.0,112.0,51.0,28.0,17.0
district,Bukit Mabong,-229.0,-765.0,-405.0,-308.0,-390.0,-499.0,-506.0,-521.0,-413.0,-369.0,-448.0,-607.0,-220.0,-191.0,-145.0,-109.0,-46.0,-32.0,144.0,366.0,336.0,245.0,266.0,319.0,286.0,200.0,244.0,233.0,361.0,312.0,205.0,125.0,129.0,91.0,61.0,29.0
district,Subis,-1442.0,-2213.0,-2354.0,-2392.0,-2518.0,-3563.0,-3591.0,-3176.0,-2833.0,-2504.0,-1521.0,-1100.0,-955.0,-784.0,-513.0,-252.0,-106.0,-80.0,1339.0,1894.0,2144.0,1947.0,1849.0,2577.0,2526.0,2391.0,2139.0,1801.0,1267.0,1011.0,890.0,674.0,452.0,279.0,116.0,96.0
district,Beluru,-685.0,-1276.0,-1245.0,-1581.0,-1026.0,-1919.0,-1827.0,-1149.0,-1315.0,-805.0,-676.0,-526.0,-461.0,-470.0,-189.0,-153.0,-68.0,-62.0,891.0,1301.0,1164.0,1552.0,887.0,1564.0,1003.0,816.0,1127.0,641.0,562.0,517.0,397.0,364.0,201.0,126.0,77.0,72.0
district,Telang Usan,-267.0,-690.0,-1139.0,-1047.0,-540.0,-708.0,-664.0,-902.0,-950.0,-533.0,-444.0,-485.0,-390.0,-216.0,-119.0,-85.0,-85.0,-65.0,280.0,699.0,994.0,873.0,502.0,513.0,645.0,696.0,704.0,481.0,364.0,558.0,270.0,193.0,114.0,65.0,75.0,51.0
district,W.P. Kuala Lumpur,-56141.0,-90466.0,-86326.0,-71426.0,-61942.0,-98644.0,-123262.0,-140024.0,-103875.0,-81083.0,-44484.0,-39344.0,-24997.0,-18892.0,-10275.0,-4452.0,-2295.0,-978.0,56584.0,85339.0,76946.0,63403.0,54221.0,85072.0,101076.0,110924.0,83775.0,62446.0,41392.0,38649.0,25864.0,18449.0,9877.0,4689.0,2815.0,1685.0
district,W.P. Labuan,-5441.0,-4368.0,-4211.0,-4065.0,-3766.0,-4342.0,-4278.0,-5553.0,-2955.0,-2229.0,-2115.0,-2055.0,-1464.0,-869.0,-585.0,-235.0,-164.0,-195.0,4591.0,3799.0,3603.0,4615.0,4363.0,4387.0,4341.0,4422.0,2492.0,2489.0,2162.0,1766.0,1252.0,861.0,415.0,265.0,194.0,213.0
district,W.P. Putrajaya,-6676.0,-8894.0,-5818.0,-3080.0,-2032.0,-2838.0,-5035.0,-8066.0,-4794.0,-2329.0,-1502.0,-1191.0,-683.0,-350.0,-157.0,-70.0,-37.0,-22.0,6209.0,8399.0,5464.0,2818.0,2129.0,3596.0,6414.0,9503.0,4611.0,2218.0,1514.0,1103.0,751.0,434.0,257.0,108.0,60.0,40.0
