State,Location,hour,index,date
PERLIS,Kangar,01:00AM,62.0,2026-09-02
PERLIS,Kangar,12:00AM,61.0,2026-09-02
PERLIS,Kangar,11:00PM,60.0,2026-09-01
PERLIS,Kangar,10:00PM,59.0,2026-09-01
PERLIS,Kangar,09:00PM,59.0,2026-09-01
PERLIS,Kangar,08:00PM,59.0,2026-09-01
PERLIS,Kangar,07:00PM,59.0,2026-09-01
PERLIS,Kangar,06:00PM,58.0,2026-09-01
PERLIS,Kangar,05:00PM,58.0,2026-09-01
PERLIS,Kangar,04:00PM,57.0,2026-09-01
PERLIS,Kangar,03:00PM,57.0,2026-09-01
PERLIS,Kangar,02:00PM,57.0,2026-09-01
PERLIS,Kangar,01:00PM,58.0,2026-09-01
PERLIS,Kangar,12:00PM,58.0,2026-09-01
PERLIS,Kangar,11:00AM,57.0,2026-09-01
PERLIS,Kangar,10:00AM,57.0,2026-09-01
PERLIS,Kangar,09:00AM,56.0,2026-09-01
PERLIS,Kangar,08:00AM,54.0,2026-09-01
PERLIS,Kangar,07:00AM,54.0,2026-09-01
PERLIS,Kangar,06:00AM,54.0,2026-09-01
PERLIS,Kangar,05:00AM,53.0,2026-09-01
PERLIS,Kangar,04:00AM,53.0,2026-09-01
PERLIS,Kangar,03:00AM,53.0,2026-09-01
PERLIS,Kangar,02:00AM,52.0,2026-09-01
KEDAH,Langkawi,01:00AM,62.0,2026-09-02
KEDAH,Langkawi,12:00AM,61.0,2026-09-02
KEDAH,Langkawi,11:00PM,61.0,2026-09-01
KEDAH,Langkawi,10:00PM,60.0,2026-09-01
KEDAH,Langkawi,09:00PM,59.0,2026-09-01
KEDAH,Langkawi,08:00PM,58.0,2026-09-01
KEDAH,Langkawi,07:00PM,57.0,2026-09-01
KEDAH,Langkawi,06:00PM,57.0,2026-09-01
KEDAH,Langkawi,05:00PM,56.0,2026-09-01
KEDAH,Langkawi,04:00PM,56.0,2026-09-01
KEDAH,Langkawi,03:00PM,55.0,2026-09-01
KEDAH,Langkawi,02:00PM,54.0,2026-09-01
KEDAH,Langkawi,01:00PM,54.0,2026-09-01
KEDAH,Langkawi,12:00PM,54.0,2026-09-01
KEDAH,Langkawi,11:00AM,53.0,2026-09-01
KEDAH,Langkawi,10:00AM,53.0,2026-09-01
KEDAH,Langkawi,09:00AM,53.0,2026-09-01
KEDAH,Langkawi,08:00AM,53.0,2026-09-01
KEDAH,Langkawi,07:00AM,53.0,2026-09-01
KEDAH,Langkawi,06:00AM,52.0,2026-09-01
KEDAH,Langkawi,05:00AM,53.0,2026-09-01
KEDAH,Langkawi,04:00AM,52.0,2026-09-01
KEDAH,Langkawi,03:00AM,52.0,2026-09-01
KEDAH,Langkawi,02:00AM,52.0,2026-09-01
KEDAH,Alor Setar,01:00AM,92.0,2026-09-02
KEDAH,Alor Setar,12:00AM,92.0,2026-09-02
KEDAH,Alor Setar,11:00PM,91.0,2026-09-01
KEDAH,Alor Setar,10:00PM,91.0,2026-09-01
KEDAH,Alor Setar,09:00PM,91.0,2026-09-01
KEDAH,Alor Setar,08:00PM,92.0,2026-09-01
KEDAH,Alor Setar,07:00PM,91.0,2026-09-01
KEDAH,Alor Setar,06:00PM,91.0,2026-09-01
KEDAH,Alor Setar,05:00PM,91.0,2026-09-01
KEDAH,Alor Setar,04:00PM,91.0,2026-09-01
KEDAH,Alor Setar,03:00PM,91.0,2026-09-01
KEDAH,Alor Setar,02:00PM,90.0,2026-09-01
KEDAH,Alor Setar,01:00PM,89.0,2026-09-01
KEDAH,Alor Setar,12:00PM,89.0,2026-09-01
KEDAH,Alor Setar,11:00AM,88.0,2026-09-01
KEDAH,Alor Setar,10:00AM,86.0,2026-09-01
KEDAH,Alor Setar,09:00AM,85.0,2026-09-01
KEDAH,Alor Setar,08:00AM,84.0,2026-09-01
KEDAH,Alor Setar,07:00AM,83.0,2026-09-01
KEDAH,Alor Setar,06:00AM,82.0,2026-09-01
KEDAH,Alor Setar,05:00AM,82.0,2026-09-01
KEDAH,Alor Setar,04:00AM,81.0,2026-09-01
KEDAH,Alor Setar,03:00AM,81.0,2026-09-01
KEDAH,Alor Setar,02:00AM,80.0,2026-09-01
KEDAH,Sungai Petani,01:00AM,99.0,2026-09-02
KEDAH,Sungai Petani,12:00AM,99.0,2026-09-02
KEDAH,Sungai Petani,11:00PM,99.0,2026-09-01
KEDAH,Sungai Petani,10:00PM,98.0,2026-09-01
KEDAH,Sungai Petani,09:00PM,97.0,2026-09-01
KEDAH,Sungai Petani,08:00PM,96.0,2026-09-01
KEDAH,Sungai Petani,07:00PM,96.0,2026-09-01
KEDAH,Sungai Petani,06:00PM,95.0,2026-09-01
KEDAH,Sungai Petani,05:00PM,95.0,2026-09-01
KEDAH,Sungai Petani,04:00PM,95.0,2026-09-01
KEDAH,Sungai Petani,03:00PM,95.0,2026-09-01
KEDAH,Sungai Petani,02:00PM,95.0,2026-09-01
KEDAH,Sungai Petani,01:00PM,95.0,2026-09-01
KEDAH,Sungai Petani,12:00PM,96.0,2026-09-01
KEDAH,Sungai Petani,11:00AM,97.0,2026-09-01
KEDAH,Sungai Petani,10:00AM,98.0,2026-09-01
KEDAH,Sungai Petani,09:00AM,98.0,2026-09-01
KEDAH,Sungai Petani,08:00AM,99.0,2026-09-01
KEDAH,Sungai Petani,07:00AM,100.0,2026-09-01
KEDAH,Sungai Petani,06:00AM,101.0,2026-09-01
KEDAH,Sungai Petani,05:00AM,106.0,2026-09-01
KEDAH,Sungai Petani,04:00AM,110.0,2026-09-01
KEDAH,Sungai Petani,03:00AM,114.0,2026-09-01
KEDAH,Sungai Petani,02:00AM,121.0,2026-09-01
KEDAH,Kulim Hi-Tech,01:00AM,73.0,2026-09-02
KEDAH,Kulim Hi-Tech,12:00AM,73.0,2026-09-02
KEDAH,Kulim Hi-Tech,11:00PM,73.0,2026-09-01
KEDAH,Kulim Hi-Tech,10:00PM,74.0,2026-09-01
KEDAH,Kulim Hi-Tech,09:00PM,75.0,2026-09-01
KEDAH,Kulim Hi-Tech,08:00PM,75.0,2026-09-01
KEDAH,Kulim Hi-Tech,07:00PM,75.0,2026-09-01
KEDAH,Kulim Hi-Tech,06:00PM,75.0,2026-09-01
KEDAH,Kulim Hi-Tech,05:00PM,75.0,2026-09-01
KEDAH,Kulim Hi-Tech,04:00PM,76.0,2026-09-01
KEDAH,Kulim Hi-Tech,03:00PM,78.0,2026-09-01
KEDAH,Kulim Hi-Tech,02:00PM,80.0,2026-09-01
KEDAH,Kulim Hi-Tech,01:00PM,81.0,2026-09-01
KEDAH,Kulim Hi-Tech,12:00PM,82.0,2026-09-01
KEDAH,Kulim Hi-Tech,11:00AM,83.0,2026-09-01
KEDAH,Kulim Hi-Tech,10:00AM,83.0,2026-09-01
KEDAH,Kulim Hi-Tech,09:00AM,84.0,2026-09-01
KEDAH,Kulim Hi-Tech,08:00AM,84.0,2026-09-01
KEDAH,Kulim Hi-Tech,07:00AM,84.0,2026-09-01
KEDAH,Kulim Hi-Tech,06:00AM,84.0,2026-09-01
KEDAH,Kulim Hi-Tech,05:00AM,84.0,2026-09-01
KEDAH,Kulim Hi-Tech,04:00AM,84.0,2026-09-01
KEDAH,Kulim Hi-Tech,03:00AM,84.0,2026-09-01
KEDAH,Kulim Hi-Tech,02:00AM,85.0,2026-09-01
PULAU PINANG,Seberang Jaya,01:00AM,82.0,2026-09-02
PULAU PINANG,Seberang Jaya,12:00AM,82.0,2026-09-02
PULAU PINANG,Seberang Jaya,11:00PM,82.0,2026-09-01
PULAU PINANG,Seberang Jaya,10:00PM,83.0,2026-09-01
PULAU PINANG,Seberang Jaya,09:00PM,83.0,2026-09-01
PULAU PINANG,Seberang Jaya,08:00PM,83.0,2026-09-01
PULAU PINANG,Seberang Jaya,07:00PM,83.0,2026-09-01
PULAU PINANG,Seberang Jaya,06:00PM,84.0,2026-09-01
PULAU PINANG,Seberang Jaya,05:00PM,84.0,2026-09-01
PULAU PINANG,Seberang Jaya,04:00PM,83.0,2026-09-01
PULAU PINANG,Seberang Jaya,03:00PM,84.0,2026-09-01
PULAU PINANG,Seberang Jaya,02:00PM,83.0,2026-09-01
PULAU PINANG,Seberang Jaya,01:00PM,83.0,2026-09-01
PULAU PINANG,Seberang Jaya,12:00PM,83.0,2026-09-01
PULAU PINANG,Seberang Jaya,11:00AM,84.0,2026-09-01
PULAU PINANG,Seberang Jaya,10:00AM,84.0,2026-09-01
PULAU PINANG,Seberang Jaya,09:00AM,86.0,2026-09-01
PULAU PINANG,Seberang Jaya,08:00AM,86.0,2026-09-01
PULAU PINANG,Seberang Jaya,07:00AM,87.0,2026-09-01
PULAU PINANG,Seberang Jaya,06:00AM,88.0,2026-09-01
PULAU PINANG,Seberang Jaya,05:00AM,89.0,2026-09-01
PULAU PINANG,Seberang Jaya,04:00AM,91.0,2026-09-01
PULAU PINANG,Seberang Jaya,03:00AM,93.0,2026-09-01
PULAU PINANG,Seberang Jaya,02:00AM,94.0,2026-09-01
PULAU PINANG,Seberang Perai,01:00AM,81.0,2026-09-02
PULAU PINANG,Seberang Perai,12:00AM,82.0,2026-09-02
PULAU PINANG,Seberang Perai,11:00PM,82.0,2026-09-01
PULAU PINANG,Seberang Perai,10:00PM,82.0,2026-09-01
PULAU PINANG,Seberang Perai,09:00PM,82.0,2026-09-01
PULAU PINANG,Seberang Perai,08:00PM,83.0,2026-09-01
PULAU PINANG,Seberang Perai,07:00PM,83.0,2026-09-01
PULAU PINANG,Seberang Perai,06:00PM,84.0,2026-09-01
PULAU PINANG,Seberang Perai,05:00PM,84.0,2026-09-01
PULAU PINANG,Seberang Perai,04:00PM,85.0,2026-09-01
PULAU PINANG,Seberang Perai,03:00PM,85.0,2026-09-01
PULAU PINANG,Seberang Perai,02:00PM,86.0,2026-09-01
PULAU PINANG,Seberang Perai,01:00PM,86.0,2026-09-01
PULAU PINANG,Seberang Perai,12:00PM,88.0,2026-09-01
PULAU PINANG,Seberang Perai,11:00AM,90.0,2026-09-01
PULAU PINANG,Seberang Perai,10:00AM,91.0,2026-09-01
PULAU PINANG,Seberang Perai,09:00AM,92.0,2026-09-01
PULAU PINANG,Seberang Perai,08:00AM,92.0,2026-09-01
PULAU PINANG,Seberang Perai,07:00AM,93.0,2026-09-01
PULAU PINANG,Seberang Perai,06:00AM,93.0,2026-09-01
PULAU PINANG,Seberang Perai,05:00AM,94.0,2026-09-01
PULAU PINANG,Seberang Perai,04:00AM,95.0,2026-09-01
PULAU PINANG,Seberang Perai,03:00AM,97.0,2026-09-01
PULAU PINANG,Seberang Perai,02:00AM,99.0,2026-09-01
PULAU PINANG,Minden,01:00AM,79.0,2026-09-02
PULAU PINANG,Minden,12:00AM,79.0,2026-09-02
PULAU PINANG,Minden,11:00PM,79.0,2026-09-01
PULAU PINANG,Minden,10:00PM,80.0,2026-09-01
PULAU PINANG,Minden,09:00PM,80.0,2026-09-01
PULAU PINANG,Minden,08:00PM,79.0,2026-09-01
PULAU PINANG,Minden,07:00PM,79.0,2026-09-01
PULAU PINANG,Minden,06:00PM,79.0,2026-09-01
PULAU PINANG,Minden,05:00PM,80.0,2026-09-01
PULAU PINANG,Minden,04:00PM,81.0,2026-09-01
PULAU PINANG,Minden,03:00PM,82.0,2026-09-01
PULAU PINANG,Minden,02:00PM,81.0,2026-09-01
PULAU PINANG,Minden,01:00PM,81.0,2026-09-01
PULAU PINANG,Minden,12:00PM,81.0,2026-09-01
PULAU PINANG,Minden,11:00AM,81.0,2026-09-01
PULAU PINANG,Minden,10:00AM,83.0,2026-09-01
PULAU PINANG,Minden,09:00AM,85.0,2026-09-01
PULAU PINANG,Minden,08:00AM,86.0,2026-09-01
PULAU PINANG,Minden,07:00AM,87.0,2026-09-01
PULAU PINANG,Minden,06:00AM,89.0,2026-09-01
PULAU PINANG,Minden,05:00AM,91.0,2026-09-01
PULAU PINANG,Minden,04:00AM,93.0,2026-09-01
PULAU PINANG,Minden,03:00AM,94.0,2026-09-01
PULAU PINANG,Minden,02:00AM,95.0,2026-09-01
PULAU PINANG,Balik Pulau,01:00AM,57.0,2026-09-02
PULAU PINANG,Balik Pulau,12:00AM,57.0,2026-09-02
PULAU PINANG,Balik Pulau,11:00PM,57.0,2026-09-01
PULAU PINANG,Balik Pulau,10:00PM,57.0,2026-09-01
PULAU PINANG,Balik Pulau,09:00PM,57.0,2026-09-01
PULAU PINANG,Balik Pulau,08:00PM,57.0,2026-09-01
PULAU PINANG,Balik Pulau,07:00PM,57.0,2026-09-01
PULAU PINANG,Balik Pulau,06:00PM,57.0,2026-09-01
PULAU PINANG,Balik Pulau,05:00PM,57.0,2026-09-01
PULAU PINANG,Balik Pulau,04:00PM,57.0,2026-09-01
PULAU PINANG,Balik Pulau,03:00PM,57.0,2026-09-01
PULAU PINANG,Balik Pulau,02:00PM,58.0,2026-09-01
PULAU PINANG,Balik Pulau,01:00PM,58.0,2026-09-01
PULAU PINANG,Balik Pulau,12:00PM,58.0,2026-09-01
PULAU PINANG,Balik Pulau,11:00AM,58.0,2026-09-01
PULAU PINANG,Balik Pulau,10:00AM,58.0,2026-09-01
PULAU PINANG,Balik Pulau,09:00AM,58.0,2026-09-01
PULAU PINANG,Balik Pulau,08:00AM,59.0,2026-09-01
PULAU PINANG,Balik Pulau,07:00AM,59.0,2026-09-01
PULAU PINANG,Balik Pulau,06:00AM,60.0,2026-09-01
PULAU PINANG,Balik Pulau,05:00AM,60.0,2026-09-01
PULAU PINANG,Balik Pulau,04:00AM,60.0,2026-09-01
PULAU PINANG,Balik Pulau,03:00AM,60.0,2026-09-01
PULAU PINANG,Balik Pulau,02:00AM,61.0,2026-09-01
PERAK,Taiping,01:00AM,74.0,2026-09-02
PERAK,Taiping,12:00AM,73.0,2026-09-02
PERAK,Taiping,11:00PM,73.0,2026-09-01
PERAK,Taiping,10:00PM,73.0,2026-09-01
PERAK,Taiping,09:00PM,73.0,2026-09-01
PERAK,Taiping,08:00PM,73.0,2026-09-01
PERAK,Taiping,07:00PM,74.0,2026-09-01
PERAK,Taiping,06:00PM,74.0,2026-09-01
PERAK,Taiping,05:00PM,75.0,2026-09-01
PERAK,Taiping,04:00PM,74.0,2026-09-01
PERAK,Taiping,03:00PM,73.0,2026-09-01
PERAK,Taiping,02:00PM,70.0,2026-09-01
PERAK,Taiping,01:00PM,71.0,2026-09-01
PERAK,Taiping,12:00PM,73.0,2026-09-01
PERAK,Taiping,11:00AM,73.0,2026-09-01
PERAK,Taiping,10:00AM,75.0,2026-09-01
PERAK,Taiping,09:00AM,77.0,2026-09-01
PERAK,Taiping,08:00AM,79.0,2026-09-01
PERAK,Taiping,07:00AM,80.0,2026-09-01
PERAK,Taiping,06:00AM,81.0,2026-09-01
PERAK,Taiping,05:00AM,81.0,2026-09-01
PERAK,Taiping,04:00AM,82.0,2026-09-01
PERAK,Taiping,03:00AM,83.0,2026-09-01
PERAK,Taiping,02:00AM,84.0,2026-09-01
PERAK,Tasek Ipoh,01:00AM,77.0,2026-09-02
PERAK,Tasek Ipoh,12:00AM,77.0,2026-09-02
PERAK,Tasek Ipoh,11:00PM,76.0,2026-09-01
PERAK,Tasek Ipoh,10:00PM,76.0,2026-09-01
PERAK,Tasek Ipoh,09:00PM,74.0,2026-09-01
PERAK,Tasek Ipoh,08:00PM,73.0,2026-09-01
PERAK,Tasek Ipoh,07:00PM,71.0,2026-09-01
PERAK,Tasek Ipoh,06:00PM,71.0,2026-09-01
PERAK,Tasek Ipoh,05:00PM,71.0,2026-09-01
PERAK,Tasek Ipoh,04:00PM,70.0,2026-09-01
PERAK,Tasek Ipoh,03:00PM,69.0,2026-09-01
PERAK,Tasek Ipoh,02:00PM,69.0,2026-09-01
PERAK,Tasek Ipoh,01:00PM,70.0,2026-09-01
PERAK,Tasek Ipoh,12:00PM,70.0,2026-09-01
PERAK,Tasek Ipoh,11:00AM,70.0,2026-09-01
PERAK,Tasek Ipoh,10:00AM,71.0,2026-09-01
PERAK,Tasek Ipoh,09:00AM,72.0,2026-09-01
PERAK,Tasek Ipoh,08:00AM,72.0,2026-09-01
PERAK,Tasek Ipoh,07:00AM,71.0,2026-09-01
PERAK,Tasek Ipoh,06:00AM,72.0,2026-09-01
PERAK,Tasek Ipoh,05:00AM,72.0,2026-09-01
PERAK,Tasek Ipoh,04:00AM,72.0,2026-09-01
PERAK,Tasek Ipoh,03:00AM,73.0,2026-09-01
PERAK,Tasek Ipoh,02:00AM,74.0,2026-09-01
PERAK,Pegoh Ipoh,01:00AM,70.0,2026-09-02
PERAK,Pegoh Ipoh,12:00AM,69.0,2026-09-02
PERAK,Pegoh Ipoh,11:00PM,70.0,2026-09-01
PERAK,Pegoh Ipoh,10:00PM,69.0,2026-09-01
PERAK,Pegoh Ipoh,09:00PM,68.0,2026-09-01
PERAK,Pegoh Ipoh,08:00PM,67.0,2026-09-01
PERAK,Pegoh Ipoh,07:00PM,66.0,2026-09-01
PERAK,Pegoh Ipoh,06:00PM,66.0,2026-09-01
PERAK,Pegoh Ipoh,05:00PM,66.0,2026-09-01
PERAK,Pegoh Ipoh,04:00PM,66.0,2026-09-01
PERAK,Pegoh Ipoh,03:00PM,65.0,2026-09-01
PERAK,Pegoh Ipoh,02:00PM,67.0,2026-09-01
PERAK,Pegoh Ipoh,01:00PM,66.0,2026-09-01
PERAK,Pegoh Ipoh,12:00PM,67.0,2026-09-01
PERAK,Pegoh Ipoh,11:00AM,67.0,2026-09-01
PERAK,Pegoh Ipoh,10:00AM,66.0,2026-09-01
PERAK,Pegoh Ipoh,09:00AM,66.0,2026-09-01
PERAK,Pegoh Ipoh,08:00AM,66.0,2026-09-01
PERAK,Pegoh Ipoh,07:00AM,66.0,2026-09-01
PERAK,Pegoh Ipoh,06:00AM,67.0,2026-09-01
PERAK,Pegoh Ipoh,05:00AM,67.0,2026-09-01
PERAK,Pegoh Ipoh,04:00AM,69.0,2026-09-01
PERAK,Pegoh Ipoh,03:00AM,69.0,2026-09-01
PERAK,Pegoh Ipoh,02:00AM,70.0,2026-09-01
PERAK,Seri Manjung,01:00AM,83.0,2026-09-02
PERAK,Seri Manjung,12:00AM,81.0,2026-09-02
PERAK,Seri Manjung,11:00PM,79.0,2026-09-01
PERAK,Seri Manjung,10:00PM,78.0,2026-09-01
PERAK,Seri Manjung,09:00PM,76.0,2026-09-01
PERAK,Seri Manjung,08:00PM,75.0,2026-09-01
PERAK,Seri Manjung,07:00PM,73.0,2026-09-01
PERAK,Seri Manjung,06:00PM,71.0,2026-09-01
PERAK,Seri Manjung,05:00PM,70.0,2026-09-01
PERAK,Seri Manjung,04:00PM,69.0,2026-09-01
PERAK,Seri Manjung,03:00PM,69.0,2026-09-01
PERAK,Seri Manjung,02:00PM,69.0,2026-09-01
PERAK,Seri Manjung,01:00PM,68.0,2026-09-01
PERAK,Seri Manjung,12:00PM,68.0,2026-09-01
PERAK,Seri Manjung,11:00AM,69.0,2026-09-01
PERAK,Seri Manjung,10:00AM,68.0,2026-09-01
PERAK,Seri Manjung,09:00AM,69.0,2026-09-01
PERAK,Seri Manjung,08:00AM,69.0,2026-09-01
PERAK,Seri Manjung,07:00AM,69.0,2026-09-01
PERAK,Seri Manjung,06:00AM,70.0,2026-09-01
PERAK,Seri Manjung,05:00AM,70.0,2026-09-01
PERAK,Seri Manjung,04:00AM,71.0,2026-09-01
PERAK,Seri Manjung,03:00AM,72.0,2026-09-01
PERAK,Seri Manjung,02:00AM,72.0,2026-09-01
PERAK,Tanjung Malim,01:00AM,68.0,2026-09-02
PERAK,Tanjung Malim,12:00AM,68.0,2026-09-02
PERAK,Tanjung Malim,11:00PM,67.0,2026-09-01
PERAK,Tanjung Malim,10:00PM,67.0,2026-09-01
PERAK,Tanjung Malim,09:00PM,67.0,2026-09-01
PERAK,Tanjung Malim,08:00PM,67.0,2026-09-01
PERAK,Tanjung Malim,07:00PM,67.0,2026-09-01
PERAK,Tanjung Malim,06:00PM,67.0,2026-09-01
PERAK,Tanjung Malim,05:00PM,67.0,2026-09-01
PERAK,Tanjung Malim,04:00PM,68.0,2026-09-01
PERAK,Tanjung Malim,03:00PM,68.0,2026-09-01
PERAK,Tanjung Malim,02:00PM,67.0,2026-09-01
PERAK,Tanjung Malim,01:00PM,67.0,2026-09-01
PERAK,Tanjung Malim,12:00PM,68.0,2026-09-01
PERAK,Tanjung Malim,11:00AM,67.0,2026-09-01
PERAK,Tanjung Malim,10:00AM,66.0,2026-09-01
PERAK,Tanjung Malim,09:00AM,67.0,2026-09-01
PERAK,Tanjung Malim,08:00AM,68.0,2026-09-01
PERAK,Tanjung Malim,07:00AM,68.0,2026-09-01
PERAK,Tanjung Malim,06:00AM,68.0,2026-09-01
PERAK,Tanjung Malim,05:00AM,69.0,2026-09-01
PERAK,Tanjung Malim,04:00AM,70.0,2026-09-01
PERAK,Tanjung Malim,03:00AM,70.0,2026-09-01
PERAK,Tanjung Malim,02:00AM,70.0,2026-09-01
W.P. KUALA LUMPUR,Batu Muda,01:00AM,81.0,2026-09-02
W.P. KUALA LUMPUR,Batu Muda,12:00AM,80.0,2026-09-02
W.P. KUALA LUMPUR,Batu Muda,11:00PM,78.0,2026-09-01
W.P. KUALA LUMPUR,Batu Muda,10:00PM,77.0,2026-09-01
W.P. KUALA LUMPUR,Batu Muda,09:00PM,76.0,2026-09-01
W.P. KUALA LUMPUR,Batu Muda,08:00PM,76.0,2026-09-01
W.P. KUALA LUMPUR,Batu Muda,07:00PM,75.0,2026-09-01
W.P. KUALA LUMPUR,Batu Muda,06:00PM,74.0,2026-09-01
W.P. KUALA LUMPUR,Batu Muda,05:00PM,74.0,2026-09-01
W.P. KUALA LUMPUR,Batu Muda,04:00PM,74.0,2026-09-01
W.P. KUALA LUMPUR,Batu Muda,03:00PM,75.0,2026-09-01
W.P. KUALA LUMPUR,Batu Muda,02:00PM,76.0,2026-09-01
W.P. KUALA LUMPUR,Batu Muda,01:00PM,76.0,2026-09-01
W.P. KUALA LUMPUR,Batu Muda,12:00PM,74.0,2026-09-01
W.P. KUALA LUMPUR,Batu Muda,11:00AM,72.0,2026-09-01
W.P. KUALA LUMPUR,Batu Muda,10:00AM,70.0,2026-09-01
W.P. KUALA LUMPUR,Batu Muda,09:00AM,69.0,2026-09-01
W.P. KUALA LUMPUR,Batu Muda,08:00AM,69.0,2026-09-01
W.P. KUALA LUMPUR,Batu Muda,07:00AM,69.0,2026-09-01
W.P. KUALA LUMPUR,Batu Muda,06:00AM,69.0,2026-09-01
W.P. KUALA LUMPUR,Batu Muda,05:00AM,70.0,2026-09-01
W.P. KUALA LUMPUR,Batu Muda,04:00AM,70.0,2026-09-01
W.P. KUALA LUMPUR,Batu Muda,03:00AM,70.0,2026-09-01
W.P. KUALA LUMPUR,Batu Muda,02:00AM,70.0,2026-09-01
W.P. KUALA LUMPUR,Cheras,01:00AM,77.0,2026-09-02
W.P. KUALA LUMPUR,Cheras,12:00AM,77.0,2026-09-02
W.P. KUALA LUMPUR,Cheras,11:00PM,77.0,2026-09-01
W.P. KUALA LUMPUR,Cheras,10:00PM,77.0,2026-09-01
W.P. KUALA LUMPUR,Cheras,09:00PM,77.0,2026-09-01
W.P. KUALA LUMPUR,Cheras,08:00PM,77.0,2026-09-01
W.P. KUALA LUMPUR,Cheras,07:00PM,77.0,2026-09-01
W.P. KUALA LUMPUR,Cheras,06:00PM,76.0,2026-09-01
W.P. KUALA LUMPUR,Cheras,05:00PM,76.0,2026-09-01
W.P. KUALA LUMPUR,Cheras,04:00PM,75.0,2026-09-01
W.P. KUALA LUMPUR,Cheras,03:00PM,75.0,2026-09-01
W.P. KUALA LUMPUR,Cheras,02:00PM,74.0,2026-09-01
W.P. KUALA LUMPUR,Cheras,01:00PM,73.0,2026-09-01
W.P. KUALA LUMPUR,Cheras,12:00PM,72.0,2026-09-01
W.P. KUALA LUMPUR,Cheras,11:00AM,70.0,2026-09-01
W.P. KUALA LUMPUR,Cheras,10:00AM,69.0,2026-09-01
W.P. KUALA LUMPUR,Cheras,09:00AM,68.0,2026-09-01
W.P. KUALA LUMPUR,Cheras,08:00AM,67.0,2026-09-01
W.P. KUALA LUMPUR,Cheras,07:00AM,66.0,2026-09-01
W.P. KUALA LUMPUR,Cheras,06:00AM,65.0,2026-09-01
W.P. KUALA LUMPUR,Cheras,05:00AM,65.0,2026-09-01
W.P. KUALA LUMPUR,Cheras,04:00AM,65.0,2026-09-01
W.P. KUALA LUMPUR,Cheras,03:00AM,65.0,2026-09-01
W.P. KUALA LUMPUR,Cheras,02:00AM,65.0,2026-09-01
W.P. PUTRAJAYA,Putrajaya,01:00AM,99.0,2026-09-02
W.P. PUTRAJAYA,Putrajaya,12:00AM,98.0,2026-09-02
W.P. PUTRAJAYA,Putrajaya,11:00PM,98.0,2026-09-01
W.P. PUTRAJAYA,Putrajaya,10:00PM,97.0,2026-09-01
W.P. PUTRAJAYA,Putrajaya,09:00PM,96.0,2026-09-01
W.P. PUTRAJAYA,Putrajaya,08:00PM,95.0,2026-09-01
W.P. PUTRAJAYA,Putrajaya,07:00PM,94.0,2026-09-01
W.P. PUTRAJAYA,Putrajaya,06:00PM,92.0,2026-09-01
W.P. PUTRAJAYA,Putrajaya,05:00PM,91.0,2026-09-01
W.P. PUTRAJAYA,Putrajaya,04:00PM,89.0,2026-09-01
W.P. PUTRAJAYA,Putrajaya,03:00PM,87.0,2026-09-01
W.P. PUTRAJAYA,Putrajaya,02:00PM,86.0,2026-09-01
W.P. PUTRAJAYA,Putrajaya,01:00PM,85.0,2026-09-01
W.P. PUTRAJAYA,Putrajaya,12:00PM,84.0,2026-09-01
W.P. PUTRAJAYA,Putrajaya,11:00AM,82.0,2026-09-01
W.P. PUTRAJAYA,Putrajaya,10:00AM,80.0,2026-09-01
W.P. PUTRAJAYA,Putrajaya,09:00AM,79.0,2026-09-01
W.P. PUTRAJAYA,Putrajaya,08:00AM,77.0,2026-09-01
W.P. PUTRAJAYA,Putrajaya,07:00AM,77.0,2026-09-01
W.P. PUTRAJAYA,Putrajaya,06:00AM,76.0,2026-09-01
W.P. PUTRAJAYA,Putrajaya,05:00AM,75.0,2026-09-01
W.P. PUTRAJAYA,Putrajaya,04:00AM,73.0,2026-09-01
W.P. PUTRAJAYA,Putrajaya,03:00AM,72.0,2026-09-01
W.P. PUTRAJAYA,Putrajaya,02:00AM,71.0,2026-09-01
SELANGOR,Kuala Selangor,01:00AM,79.0,2026-09-02
SELANGOR,Kuala Selangor,12:00AM,80.0,2026-09-02
SELANGOR,Kuala Selangor,11:00PM,81.0,2026-09-01
SELANGOR,Kuala Selangor,10:00PM,81.0,2026-09-01
SELANGOR,Kuala Selangor,09:00PM,81.0,2026-09-01
SELANGOR,Kuala Selangor,08:00PM,81.0,2026-09-01
SELANGOR,Kuala Selangor,07:00PM,81.0,2026-09-01
SELANGOR,Kuala Selangor,06:00PM,80.0,2026-09-01
SELANGOR,Kuala Selangor,05:00PM,78.0,2026-09-01
SELANGOR,Kuala Selangor,04:00PM,76.0,2026-09-01
SELANGOR,Kuala Selangor,03:00PM,75.0,2026-09-01
SELANGOR,Kuala Selangor,02:00PM,74.0,2026-09-01
SELANGOR,Kuala Selangor,01:00PM,73.0,2026-09-01
SELANGOR,Kuala Selangor,12:00PM,72.0,2026-09-01
SELANGOR,Kuala Selangor,11:00AM,72.0,2026-09-01
SELANGOR,Kuala Selangor,10:00AM,71.0,2026-09-01
SELANGOR,Kuala Selangor,09:00AM,70.0,2026-09-01
SELANGOR,Kuala Selangor,08:00AM,70.0,2026-09-01
SELANGOR,Kuala Selangor,07:00AM,69.0,2026-09-01
SELANGOR,Kuala Selangor,06:00AM,68.0,2026-09-01
SELANGOR,Kuala Selangor,05:00AM,68.0,2026-09-01
SELANGOR,Kuala Selangor,04:00AM,67.0,2026-09-01
SELANGOR,Kuala Selangor,03:00AM,67.0,2026-09-01
SELANGOR,Kuala Selangor,02:00AM,67.0,2026-09-01
SELANGOR,Petaling Jaya,01:00AM,73.0,2026-09-02
SELANGOR,Petaling Jaya,12:00AM,72.0,2026-09-02
SELANGOR,Petaling Jaya,11:00PM,72.0,2026-09-01
SELANGOR,Petaling Jaya,10:00PM,70.0,2026-09-01
SELANGOR,Petaling Jaya,09:00PM,69.0,2026-09-01
SELANGOR,Petaling Jaya,08:00PM,68.0,2026-09-01
SELANGOR,Petaling Jaya,07:00PM,68.0,2026-09-01
SELANGOR,Petaling Jaya,06:00PM,68.0,2026-09-01
SELANGOR,Petaling Jaya,05:00PM,67.0,2026-09-01
SELANGOR,Petaling Jaya,04:00PM,67.0,2026-09-01
SELANGOR,Petaling Jaya,03:00PM,66.0,2026-09-01
SELANGOR,Petaling Jaya,02:00PM,67.0,2026-09-01
SELANGOR,Petaling Jaya,01:00PM,67.0,2026-09-01
SELANGOR,Petaling Jaya,12:00PM,66.0,2026-09-01
SELANGOR,Petaling Jaya,11:00AM,66.0,2026-09-01
SELANGOR,Petaling Jaya,10:00AM,65.0,2026-09-01
SELANGOR,Petaling Jaya,09:00AM,64.0,2026-09-01
SELANGOR,Petaling Jaya,08:00AM,64.0,2026-09-01
SELANGOR,Petaling Jaya,07:00AM,64.0,2026-09-01
SELANGOR,Petaling Jaya,06:00AM,63.0,2026-09-01
SELANGOR,Petaling Jaya,05:00AM,63.0,2026-09-01
SELANGOR,Petaling Jaya,04:00AM,62.0,2026-09-01
SELANGOR,Petaling Jaya,03:00AM,63.0,2026-09-01
SELANGOR,Petaling Jaya,02:00AM,64.0,2026-09-01
SELANGOR,Shah Alam,01:00AM,87.0,2026-09-02
SELANGOR,Shah Alam,12:00AM,86.0,2026-09-02
SELANGOR,Shah Alam,11:00PM,86.0,2026-09-01
SELANGOR,Shah Alam,10:00PM,86.0,2026-09-01
SELANGOR,Shah Alam,09:00PM,86.0,2026-09-01
SELANGOR,Shah Alam,08:00PM,87.0,2026-09-01
SELANGOR,Shah Alam,07:00PM,87.0,2026-09-01
SELANGOR,Shah Alam,06:00PM,86.0,2026-09-01
SELANGOR,Shah Alam,05:00PM,84.0,2026-09-01
SELANGOR,Shah Alam,04:00PM,83.0,2026-09-01
SELANGOR,Shah Alam,03:00PM,82.0,2026-09-01
SELANGOR,Shah Alam,02:00PM,80.0,2026-09-01
SELANGOR,Shah Alam,01:00PM,79.0,2026-09-01
SELANGOR,Shah Alam,12:00PM,78.0,2026-09-01
SELANGOR,Shah Alam,11:00AM,77.0,2026-09-01
SELANGOR,Shah Alam,10:00AM,75.0,2026-09-01
SELANGOR,Shah Alam,09:00AM,74.0,2026-09-01
SELANGOR,Shah Alam,08:00AM,72.0,2026-09-01
SELANGOR,Shah Alam,07:00AM,72.0,2026-09-01
SELANGOR,Shah Alam,06:00AM,71.0,2026-09-01
SELANGOR,Shah Alam,05:00AM,70.0,2026-09-01
SELANGOR,Shah Alam,04:00AM,69.0,2026-09-01
SELANGOR,Shah Alam,03:00AM,68.0,2026-09-01
SELANGOR,Shah Alam,02:00AM,69.0,2026-09-01
SELANGOR,Klang,01:00AM,90.0,2026-09-02
SELANGOR,Klang,12:00AM,89.0,2026-09-02
SELANGOR,Klang,11:00PM,89.0,2026-09-01
SELANGOR,Klang,10:00PM,89.0,2026-09-01
SELANGOR,Klang,09:00PM,88.0,2026-09-01
SELANGOR,Klang,08:00PM,88.0,2026-09-01
SELANGOR,Klang,07:00PM,87.0,2026-09-01
SELANGOR,Klang,06:00PM,85.0,2026-09-01
SELANGOR,Klang,05:00PM,82.0,2026-09-01
SELANGOR,Klang,04:00PM,80.0,2026-09-01
SELANGOR,Klang,03:00PM,79.0,2026-09-01
SELANGOR,Klang,02:00PM,78.0,2026-09-01
SELANGOR,Klang,01:00PM,77.0,2026-09-01
SELANGOR,Klang,12:00PM,77.0,2026-09-01
SELANGOR,Klang,11:00AM,76.0,2026-09-01
SELANGOR,Klang,10:00AM,75.0,2026-09-01
SELANGOR,Klang,09:00AM,74.0,2026-09-01
SELANGOR,Klang,08:00AM,73.0,2026-09-01
SELANGOR,Klang,07:00AM,71.0,2026-09-01
SELANGOR,Klang,06:00AM,69.0,2026-09-01
SELANGOR,Klang,05:00AM,68.0,2026-09-01
SELANGOR,Klang,04:00AM,66.0,2026-09-01
SELANGOR,Klang,03:00AM,64.0,2026-09-01
SELANGOR,Klang,02:00AM,62.0,2026-09-01
SELANGOR,Banting,01:00AM,94.0,2026-09-02
SELANGOR,Banting,12:00AM,95.0,2026-09-02
SELANGOR,Banting,11:00PM,95.0,2026-09-01
SELANGOR,Banting,10:00PM,94.0,2026-09-01
SELANGOR,Banting,09:00PM,92.0,2026-09-01
SELANGOR,Banting,08:00PM,90.0,2026-09-01
SELANGOR,Banting,07:00PM,87.0,2026-09-01
SELANGOR,Banting,06:00PM,86.0,2026-09-01
SELANGOR,Banting,05:00PM,85.0,2026-09-01
SELANGOR,Banting,04:00PM,83.0,2026-09-01
SELANGOR,Banting,03:00PM,80.0,2026-09-01
SELANGOR,Banting,02:00PM,78.0,2026-09-01
SELANGOR,Banting,01:00PM,76.0,2026-09-01
SELANGOR,Banting,12:00PM,75.0,2026-09-01
SELANGOR,Banting,11:00AM,74.0,2026-09-01
SELANGOR,Banting,10:00AM,72.0,2026-09-01
SELANGOR,Banting,09:00AM,70.0,2026-09-01
SELANGOR,Banting,08:00AM,69.0,2026-09-01
SELANGOR,Banting,07:00AM,67.0,2026-09-01
SELANGOR,Banting,06:00AM,66.0,2026-09-01
SELANGOR,Banting,05:00AM,65.0,2026-09-01
SELANGOR,Banting,04:00AM,63.0,2026-09-01
SELANGOR,Banting,03:00AM,62.0,2026-09-01
SELANGOR,Banting,02:00AM,61.0,2026-09-01
NEGERI SEMBILAN,Nilai,01:00AM,104.0,2026-09-02
NEGERI SEMBILAN,Nilai,12:00AM,101.0,2026-09-02
NEGERI SEMBILAN,Nilai,11:00PM,99.0,2026-09-01
NEGERI SEMBILAN,Nilai,10:00PM,97.0,2026-09-01
NEGERI SEMBILAN,Nilai,09:00PM,95.0,2026-09-01
NEGERI SEMBILAN,Nilai,08:00PM,94.0,2026-09-01
NEGERI SEMBILAN,Nilai,07:00PM,93.0,2026-09-01
NEGERI SEMBILAN,Nilai,06:00PM,93.0,2026-09-01
NEGERI SEMBILAN,Nilai,05:00PM,92.0,2026-09-01
NEGERI SEMBILAN,Nilai,04:00PM,91.0,2026-09-01
NEGERI SEMBILAN,Nilai,03:00PM,88.0,2026-09-01
NEGERI SEMBILAN,Nilai,02:00PM,87.0,2026-09-01
NEGERI SEMBILAN,Nilai,01:00PM,88.0,2026-09-01
NEGERI SEMBILAN,Nilai,12:00PM,87.0,2026-09-01
NEGERI SEMBILAN,Nilai,11:00AM,84.0,2026-09-01
NEGERI SEMBILAN,Nilai,10:00AM,82.0,2026-09-01
NEGERI SEMBILAN,Nilai,09:00AM,80.0,2026-09-01
NEGERI SEMBILAN,Nilai,08:00AM,78.0,2026-09-01
NEGERI SEMBILAN,Nilai,07:00AM,76.0,2026-09-01
NEGERI SEMBILAN,Nilai,06:00AM,75.0,2026-09-01
NEGERI SEMBILAN,Nilai,05:00AM,73.0,2026-09-01
NEGERI SEMBILAN,Nilai,04:00AM,71.0,2026-09-01
NEGERI SEMBILAN,Nilai,03:00AM,70.0,2026-09-01
NEGERI SEMBILAN,Nilai,02:00AM,69.0,2026-09-01
NEGERI SEMBILAN,Seremban,01:00AM,95.0,2026-09-02
NEGERI SEMBILAN,Seremban,12:00AM,94.0,2026-09-02
NEGERI SEMBILAN,Seremban,11:00PM,93.0,2026-09-01
NEGERI SEMBILAN,Seremban,10:00PM,92.0,2026-09-01
NEGERI SEMBILAN,Seremban,09:00PM,91.0,2026-09-01
NEGERI SEMBILAN,Seremban,08:00PM,90.0,2026-09-01
NEGERI SEMBILAN,Seremban,07:00PM,88.0,2026-09-01
NEGERI SEMBILAN,Seremban,06:00PM,88.0,2026-09-01
NEGERI SEMBILAN,Seremban,05:00PM,88.0,2026-09-01
NEGERI SEMBILAN,Seremban,04:00PM,87.0,2026-09-01
NEGERI SEMBILAN,Seremban,03:00PM,85.0,2026-09-01
NEGERI SEMBILAN,Seremban,02:00PM,83.0,2026-09-01
NEGERI SEMBILAN,Seremban,01:00PM,80.0,2026-09-01
NEGERI SEMBILAN,Seremban,12:00PM,79.0,2026-09-01
NEGERI SEMBILAN,Seremban,11:00AM,76.0,2026-09-01
NEGERI SEMBILAN,Seremban,10:00AM,74.0,2026-09-01
NEGERI SEMBILAN,Seremban,09:00AM,72.0,2026-09-01
NEGERI SEMBILAN,Seremban,08:00AM,70.0,2026-09-01
NEGERI SEMBILAN,Seremban,07:00AM,69.0,2026-09-01
NEGERI SEMBILAN,Seremban,06:00AM,68.0,2026-09-01
NEGERI SEMBILAN,Seremban,05:00AM,67.0,2026-09-01
NEGERI SEMBILAN,Seremban,04:00AM,66.0,2026-09-01
NEGERI SEMBILAN,Seremban,03:00AM,66.0,2026-09-01
NEGERI SEMBILAN,Seremban,02:00AM,66.0,2026-09-01
NEGERI SEMBILAN,Port Dickson,01:00AM,77.0,2026-09-02
NEGERI SEMBILAN,Port Dickson,12:00AM,76.0,2026-09-02
NEGERI SEMBILAN,Port Dickson,11:00PM,76.0,2026-09-01
NEGERI SEMBILAN,Port Dickson,10:00PM,77.0,2026-09-01
NEGERI SEMBILAN,Port Dickson,09:00PM,77.0,2026-09-01
NEGERI SEMBILAN,Port Dickson,08:00PM,77.0,2026-09-01
NEGERI SEMBILAN,Port Dickson,07:00PM,77.0,2026-09-01
NEGERI SEMBILAN,Port Dickson,06:00PM,77.0,2026-09-01
NEGERI SEMBILAN,Port Dickson,05:00PM,76.0,2026-09-01
NEGERI SEMBILAN,Port Dickson,04:00PM,75.0,2026-09-01
NEGERI SEMBILAN,Port Dickson,03:00PM,74.0,2026-09-01
NEGERI SEMBILAN,Port Dickson,02:00PM,73.0,2026-09-01
NEGERI SEMBILAN,Port Dickson,01:00PM,71.0,2026-09-01
NEGERI SEMBILAN,Port Dickson,12:00PM,70.0,2026-09-01
NEGERI SEMBILAN,Port Dickson,11:00AM,69.0,2026-09-01
NEGERI SEMBILAN,Port Dickson,10:00AM,67.0,2026-09-01
NEGERI SEMBILAN,Port Dickson,09:00AM,66.0,2026-09-01
NEGERI SEMBILAN,Port Dickson,08:00AM,65.0,2026-09-01
NEGERI SEMBILAN,Port Dickson,07:00AM,64.0,2026-09-01
NEGERI SEMBILAN,Port Dickson,06:00AM,62.0,2026-09-01
NEGERI SEMBILAN,Port Dickson,05:00AM,61.0,2026-09-01
NEGERI SEMBILAN,Port Dickson,04:00AM,60.0,2026-09-01
NEGERI SEMBILAN,Port Dickson,03:00AM,58.0,2026-09-01
NEGERI SEMBILAN,Port Dickson,02:00AM,57.0,2026-09-01
MELAKA,Alor Gajah,01:00AM,79.0,2026-09-02
MELAKA,Alor Gajah,12:00AM,79.0,2026-09-02
MELAKA,Alor Gajah,11:00PM,78.0,2026-09-01
MELAKA,Alor Gajah,10:00PM,78.0,2026-09-01
MELAKA,Alor Gajah,09:00PM,78.0,2026-09-01
MELAKA,Alor Gajah,08:00PM,79.0,2026-09-01
MELAKA,Alor Gajah,07:00PM,79.0,2026-09-01
MELAKA,Alor Gajah,06:00PM,79.0,2026-09-01
MELAKA,Alor Gajah,05:00PM,79.0,2026-09-01
MELAKA,Alor Gajah,04:00PM,78.0,2026-09-01
MELAKA,Alor Gajah,03:00PM,77.0,2026-09-01
MELAKA,Alor Gajah,02:00PM,75.0,2026-09-01
MELAKA,Alor Gajah,01:00PM,73.0,2026-09-01
MELAKA,Alor Gajah,12:00PM,72.0,2026-09-01
MELAKA,Alor Gajah,11:00AM,71.0,2026-09-01
MELAKA,Alor Gajah,10:00AM,70.0,2026-09-01
MELAKA,Alor Gajah,09:00AM,69.0,2026-09-01
MELAKA,Alor Gajah,08:00AM,68.0,2026-09-01
MELAKA,Alor Gajah,07:00AM,67.0,2026-09-01
MELAKA,Alor Gajah,06:00AM,66.0,2026-09-01
MELAKA,Alor Gajah,05:00AM,65.0,2026-09-01
MELAKA,Alor Gajah,04:00AM,64.0,2026-09-01
MELAKA,Alor Gajah,03:00AM,62.0,2026-09-01
MELAKA,Alor Gajah,02:00AM,61.0,2026-09-01
MELAKA,Bukit Rambai,01:00AM,84.0,2026-09-02
MELAKA,Bukit Rambai,12:00AM,84.0,2026-09-02
MELAKA,Bukit Rambai,11:00PM,84.0,2026-09-01
MELAKA,Bukit Rambai,10:00PM,83.0,2026-09-01
MELAKA,Bukit Rambai,09:00PM,82.0,2026-09-01
MELAKA,Bukit Rambai,08:00PM,82.0,2026-09-01
MELAKA,Bukit Rambai,07:00PM,82.0,2026-09-01
MELAKA,Bukit Rambai,06:00PM,83.0,2026-09-01
MELAKA,Bukit Rambai,05:00PM,83.0,2026-09-01
MELAKA,Bukit Rambai,04:00PM,81.0,2026-09-01
MELAKA,Bukit Rambai,03:00PM,81.0,2026-09-01
MELAKA,Bukit Rambai,02:00PM,79.0,2026-09-01
MELAKA,Bukit Rambai,01:00PM,78.0,2026-09-01
MELAKA,Bukit Rambai,12:00PM,76.0,2026-09-01
MELAKA,Bukit Rambai,11:00AM,74.0,2026-09-01
MELAKA,Bukit Rambai,10:00AM,73.0,2026-09-01
MELAKA,Bukit Rambai,09:00AM,71.0,2026-09-01
MELAKA,Bukit Rambai,08:00AM,69.0,2026-09-01
MELAKA,Bukit Rambai,07:00AM,68.0,2026-09-01
MELAKA,Bukit Rambai,06:00AM,67.0,2026-09-01
MELAKA,Bukit Rambai,05:00AM,65.0,2026-09-01
MELAKA,Bukit Rambai,04:00AM,64.0,2026-09-01
MELAKA,Bukit Rambai,03:00AM,62.0,2026-09-01
MELAKA,Bukit Rambai,02:00AM,60.0,2026-09-01
MELAKA,Bandaraya Melaka,01:00AM,70.0,2026-09-02
MELAKA,Bandaraya Melaka,12:00AM,70.0,2026-09-02
MELAKA,Bandaraya Melaka,11:00PM,70.0,2026-09-01
MELAKA,Bandaraya Melaka,10:00PM,69.0,2026-09-01
MELAKA,Bandaraya Melaka,09:00PM,68.0,2026-09-01
MELAKA,Bandaraya Melaka,08:00PM,67.0,2026-09-01
MELAKA,Bandaraya Melaka,07:00PM,67.0,2026-09-01
MELAKA,Bandaraya Melaka,06:00PM,67.0,2026-09-01
MELAKA,Bandaraya Melaka,05:00PM,67.0,2026-09-01
MELAKA,Bandaraya Melaka,04:00PM,67.0,2026-09-01
MELAKA,Bandaraya Melaka,03:00PM,66.0,2026-09-01
MELAKA,Bandaraya Melaka,02:00PM,65.0,2026-09-01
MELAKA,Bandaraya Melaka,01:00PM,64.0,2026-09-01
MELAKA,Bandaraya Melaka,12:00PM,63.0,2026-09-01
MELAKA,Bandaraya Melaka,11:00AM,62.0,2026-09-01
MELAKA,Bandaraya Melaka,10:00AM,62.0,2026-09-01
MELAKA,Bandaraya Melaka,09:00AM,60.0,2026-09-01
MELAKA,Bandaraya Melaka,08:00AM,60.0,2026-09-01
MELAKA,Bandaraya Melaka,07:00AM,58.0,2026-09-01
MELAKA,Bandaraya Melaka,06:00AM,57.0,2026-09-01
MELAKA,Bandaraya Melaka,05:00AM,56.0,2026-09-01
MELAKA,Bandaraya Melaka,04:00AM,56.0,2026-09-01
MELAKA,Bandaraya Melaka,03:00AM,55.0,2026-09-01
MELAKA,Bandaraya Melaka,02:00AM,55.0,2026-09-01
JOHOR,Segamat,01:00AM,86.0,2026-09-02
JOHOR,Segamat,12:00AM,85.0,2026-09-02
JOHOR,Segamat,11:00PM,84.0,2026-09-01
JOHOR,Segamat,10:00PM,84.0,2026-09-01
JOHOR,Segamat,09:00PM,83.0,2026-09-01
JOHOR,Segamat,08:00PM,82.0,2026-09-01
JOHOR,Segamat,07:00PM,82.0,2026-09-01
JOHOR,Segamat,06:00PM,81.0,2026-09-01
JOHOR,Segamat,05:00PM,80.0,2026-09-01
JOHOR,Segamat,04:00PM,79.0,2026-09-01
JOHOR,Segamat,03:00PM,78.0,2026-09-01
JOHOR,Segamat,02:00PM,76.0,2026-09-01
JOHOR,Segamat,01:00PM,74.0,2026-09-01
JOHOR,Segamat,12:00PM,72.0,2026-09-01
JOHOR,Segamat,11:00AM,70.0,2026-09-01
JOHOR,Segamat,10:00AM,68.0,2026-09-01
JOHOR,Segamat,09:00AM,67.0,2026-09-01
JOHOR,Segamat,08:00AM,65.0,2026-09-01
JOHOR,Segamat,07:00AM,63.0,2026-09-01
JOHOR,Segamat,06:00AM,62.0,2026-09-01
JOHOR,Segamat,05:00AM,61.0,2026-09-01
JOHOR,Segamat,04:00AM,60.0,2026-09-01
JOHOR,Segamat,03:00AM,60.0,2026-09-01
JOHOR,Segamat,02:00AM,59.0,2026-09-01
JOHOR,Batu Pahat,01:00AM,77.0,2026-09-02
JOHOR,Batu Pahat,12:00AM,76.0,2026-09-02
JOHOR,Batu Pahat,11:00PM,74.0,2026-09-01
JOHOR,Batu Pahat,10:00PM,73.0,2026-09-01
JOHOR,Batu Pahat,09:00PM,72.0,2026-09-01
JOHOR,Batu Pahat,08:00PM,72.0,2026-09-01
JOHOR,Batu Pahat,07:00PM,72.0,2026-09-01
JOHOR,Batu Pahat,06:00PM,71.0,2026-09-01
JOHOR,Batu Pahat,05:00PM,71.0,2026-09-01
JOHOR,Batu Pahat,04:00PM,70.0,2026-09-01
JOHOR,Batu Pahat,03:00PM,69.0,2026-09-01
JOHOR,Batu Pahat,02:00PM,68.0,2026-09-01
JOHOR,Batu Pahat,01:00PM,66.0,2026-09-01
JOHOR,Batu Pahat,12:00PM,65.0,2026-09-01
JOHOR,Batu Pahat,11:00AM,63.0,2026-09-01
JOHOR,Batu Pahat,10:00AM,62.0,2026-09-01
JOHOR,Batu Pahat,09:00AM,60.0,2026-09-01
JOHOR,Batu Pahat,08:00AM,59.0,2026-09-01
JOHOR,Batu Pahat,07:00AM,58.0,2026-09-01
JOHOR,Batu Pahat,06:00AM,57.0,2026-09-01
JOHOR,Batu Pahat,05:00AM,56.0,2026-09-01
JOHOR,Batu Pahat,04:00AM,56.0,2026-09-01
JOHOR,Batu Pahat,03:00AM,55.0,2026-09-01
JOHOR,Batu Pahat,02:00AM,56.0,2026-09-01
JOHOR,Kluang,01:00AM,75.0,2026-09-02
JOHOR,Kluang,12:00AM,76.0,2026-09-02
JOHOR,Kluang,11:00PM,76.0,2026-09-01
JOHOR,Kluang,10:00PM,76.0,2026-09-01
JOHOR,Kluang,09:00PM,75.0,2026-09-01
JOHOR,Kluang,08:00PM,75.0,2026-09-01
JOHOR,Kluang,07:00PM,74.0,2026-09-01
JOHOR,Kluang,06:00PM,73.0,2026-09-01
JOHOR,Kluang,05:00PM,72.0,2026-09-01
JOHOR,Kluang,04:00PM,71.0,2026-09-01
JOHOR,Kluang,03:00PM,69.0,2026-09-01
JOHOR,Kluang,02:00PM,68.0,2026-09-01
JOHOR,Kluang,01:00PM,66.0,2026-09-01
JOHOR,Kluang,12:00PM,64.0,2026-09-01
JOHOR,Kluang,11:00AM,62.0,2026-09-01
JOHOR,Kluang,10:00AM,61.0,2026-09-01
JOHOR,Kluang,09:00AM,60.0,2026-09-01
JOHOR,Kluang,08:00AM,59.0,2026-09-01
JOHOR,Kluang,07:00AM,59.0,2026-09-01
JOHOR,Kluang,06:00AM,58.0,2026-09-01
JOHOR,Kluang,05:00AM,57.0,2026-09-01
JOHOR,Kluang,04:00AM,57.0,2026-09-01
JOHOR,Kluang,03:00AM,56.0,2026-09-01
JOHOR,Kluang,02:00AM,55.0,2026-09-01
JOHOR,Larkin,01:00AM,79.0,2026-09-02
JOHOR,Larkin,12:00AM,79.0,2026-09-02
JOHOR,Larkin,11:00PM,81.0,2026-09-01
JOHOR,Larkin,10:00PM,82.0,2026-09-01
JOHOR,Larkin,09:00PM,82.0,2026-09-01
JOHOR,Larkin,08:00PM,82.0,2026-09-01
JOHOR,Larkin,07:00PM,81.0,2026-09-01
JOHOR,Larkin,06:00PM,80.0,2026-09-01
JOHOR,Larkin,05:00PM,79.0,2026-09-01
JOHOR,Larkin,04:00PM,77.0,2026-09-01
JOHOR,Larkin,03:00PM,75.0,2026-09-01
JOHOR,Larkin,02:00PM,74.0,2026-09-01
JOHOR,Larkin,01:00PM,72.0,2026-09-01
JOHOR,Larkin,12:00PM,71.0,2026-09-01
JOHOR,Larkin,11:00AM,69.0,2026-09-01
JOHOR,Larkin,10:00AM,68.0,2026-09-01
JOHOR,Larkin,09:00AM,67.0,2026-09-01
JOHOR,Larkin,08:00AM,66.0,2026-09-01
JOHOR,Larkin,07:00AM,65.0,2026-09-01
JOHOR,Larkin,06:00AM,64.0,2026-09-01
JOHOR,Larkin,05:00AM,65.0,2026-09-01
JOHOR,Larkin,04:00AM,65.0,2026-09-01
JOHOR,Larkin,03:00AM,65.0,2026-09-01
JOHOR,Larkin,02:00AM,64.0,2026-09-01
JOHOR,Pasir Gudang,01:00AM,72.0,2026-09-02
JOHOR,Pasir Gudang,12:00AM,72.0,2026-09-02
JOHOR,Pasir Gudang,11:00PM,72.0,2026-09-01
JOHOR,Pasir Gudang,10:00PM,72.0,2026-09-01
JOHOR,Pasir Gudang,09:00PM,72.0,2026-09-01
JOHOR,Pasir Gudang,08:00PM,72.0,2026-09-01
JOHOR,Pasir Gudang,07:00PM,72.0,2026-09-01
JOHOR,Pasir Gudang,06:00PM,72.0,2026-09-01
JOHOR,Pasir Gudang,05:00PM,71.0,2026-09-01
JOHOR,Pasir Gudang,04:00PM,71.0,2026-09-01
JOHOR,Pasir Gudang,03:00PM,69.0,2026-09-01
JOHOR,Pasir Gudang,02:00PM,68.0,2026-09-01
JOHOR,Pasir Gudang,01:00PM,68.0,2026-09-01
JOHOR,Pasir Gudang,12:00PM,67.0,2026-09-01
JOHOR,Pasir Gudang,11:00AM,65.0,2026-09-01
JOHOR,Pasir Gudang,10:00AM,64.0,2026-09-01
JOHOR,Pasir Gudang,09:00AM,63.0,2026-09-01
JOHOR,Pasir Gudang,08:00AM,62.0,2026-09-01
JOHOR,Pasir Gudang,07:00AM,61.0,2026-09-01
JOHOR,Pasir Gudang,06:00AM,62.0,2026-09-01
JOHOR,Pasir Gudang,05:00AM,62.0,2026-09-01
JOHOR,Pasir Gudang,04:00AM,62.0,2026-09-01
JOHOR,Pasir Gudang,03:00AM,61.0,2026-09-01
JOHOR,Pasir Gudang,02:00AM,61.0,2026-09-01
JOHOR,Pengerang,01:00AM,61.0,2026-09-02
JOHOR,Pengerang,12:00AM,61.0,2026-09-02
JOHOR,Pengerang,11:00PM,61.0,2026-09-01
JOHOR,Pengerang,10:00PM,61.0,2026-09-01
JOHOR,Pengerang,09:00PM,61.0,2026-09-01
JOHOR,Pengerang,08:00PM,61.0,2026-09-01
JOHOR,Pengerang,07:00PM,60.0,2026-09-01
JOHOR,Pengerang,06:00PM,60.0,2026-09-01
JOHOR,Pengerang,05:00PM,59.0,2026-09-01
JOHOR,Pengerang,04:00PM,59.0,2026-09-01
JOHOR,Pengerang,03:00PM,58.0,2026-09-01
JOHOR,Pengerang,02:00PM,58.0,2026-09-01
JOHOR,Pengerang,01:00PM,57.0,2026-09-01
JOHOR,Pengerang,12:00PM,57.0,2026-09-01
JOHOR,Pengerang,11:00AM,56.0,2026-09-01
JOHOR,Pengerang,10:00AM,56.0,2026-09-01
JOHOR,Pengerang,09:00AM,55.0,2026-09-01
JOHOR,Pengerang,08:00AM,55.0,2026-09-01
JOHOR,Pengerang,07:00AM,55.0,2026-09-01
JOHOR,Pengerang,06:00AM,55.0,2026-09-01
JOHOR,Pengerang,05:00AM,55.0,2026-09-01
JOHOR,Pengerang,04:00AM,55.0,2026-09-01
JOHOR,Pengerang,03:00AM,55.0,2026-09-01
JOHOR,Pengerang,02:00AM,56.0,2026-09-01
JOHOR,Kota Tinggi,01:00AM,66.0,2026-09-02
JOHOR,Kota Tinggi,12:00AM,66.0,2026-09-02
JOHOR,Kota Tinggi,11:00PM,66.0,2026-09-01
JOHOR,Kota Tinggi,10:00PM,66.0,2026-09-01
JOHOR,Kota Tinggi,09:00PM,67.0,2026-09-01
JOHOR,Kota Tinggi,08:00PM,67.0,2026-09-01
JOHOR,Kota Tinggi,07:00PM,67.0,2026-09-01
JOHOR,Kota Tinggi,06:00PM,67.0,2026-09-01
JOHOR,Kota Tinggi,05:00PM,67.0,2026-09-01
JOHOR,Kota Tinggi,04:00PM,66.0,2026-09-01
JOHOR,Kota Tinggi,03:00PM,64.0,2026-09-01
JOHOR,Kota Tinggi,02:00PM,63.0,2026-09-01
JOHOR,Kota Tinggi,01:00PM,62.0,2026-09-01
JOHOR,Kota Tinggi,12:00PM,60.0,2026-09-01
JOHOR,Kota Tinggi,11:00AM,60.0,2026-09-01
JOHOR,Kota Tinggi,10:00AM,59.0,2026-09-01
JOHOR,Kota Tinggi,09:00AM,58.0,2026-09-01
JOHOR,Kota Tinggi,08:00AM,58.0,2026-09-01
JOHOR,Kota Tinggi,07:00AM,57.0,2026-09-01
JOHOR,Kota Tinggi,06:00AM,57.0,2026-09-01
JOHOR,Kota Tinggi,05:00AM,57.0,2026-09-01
JOHOR,Kota Tinggi,04:00AM,57.0,2026-09-01
JOHOR,Kota Tinggi,03:00AM,57.0,2026-09-01
JOHOR,Kota Tinggi,02:00AM,57.0,2026-09-01
PAHANG,Rompin,01:00AM,63.0,2026-09-02
PAHANG,Rompin,12:00AM,63.0,2026-09-02
PAHANG,Rompin,11:00PM,64.0,2026-09-01
PAHANG,Rompin,10:00PM,63.0,2026-09-01
PAHANG,Rompin,09:00PM,63.0,2026-09-01
PAHANG,Rompin,08:00PM,65.0,2026-09-01
PAHANG,Rompin,07:00PM,65.0,2026-09-01
PAHANG,Rompin,06:00PM,64.0,2026-09-01
PAHANG,Rompin,05:00PM,64.0,2026-09-01
PAHANG,Rompin,04:00PM,62.0,2026-09-01
PAHANG,Rompin,03:00PM,62.0,2026-09-01
PAHANG,Rompin,02:00PM,62.0,2026-09-01
PAHANG,Rompin,01:00PM,61.0,2026-09-01
PAHANG,Rompin,12:00PM,60.0,2026-09-01
PAHANG,Rompin,11:00AM,59.0,2026-09-01
PAHANG,Rompin,10:00AM,58.0,2026-09-01
PAHANG,Rompin,09:00AM,57.0,2026-09-01
PAHANG,Rompin,08:00AM,56.0,2026-09-01
PAHANG,Rompin,07:00AM,56.0,2026-09-01
PAHANG,Rompin,06:00AM,56.0,2026-09-01
PAHANG,Rompin,05:00AM,56.0,2026-09-01
PAHANG,Rompin,04:00AM,56.0,2026-09-01
PAHANG,Rompin,03:00AM,55.0,2026-09-01
PAHANG,Rompin,02:00AM,54.0,2026-09-01
PAHANG,Temerloh,01:00AM,64.0,2026-09-02
PAHANG,Temerloh,12:00AM,64.0,2026-09-02
PAHANG,Temerloh,11:00PM,64.0,2026-09-01
PAHANG,Temerloh,10:00PM,64.0,2026-09-01
PAHANG,Temerloh,09:00PM,64.0,2026-09-01
PAHANG,Temerloh,08:00PM,63.0,2026-09-01
PAHANG,Temerloh,07:00PM,63.0,2026-09-01
PAHANG,Temerloh,06:00PM,62.0,2026-09-01
PAHANG,Temerloh,05:00PM,61.0,2026-09-01
PAHANG,Temerloh,04:00PM,60.0,2026-09-01
PAHANG,Temerloh,03:00PM,60.0,2026-09-01
PAHANG,Temerloh,02:00PM,60.0,2026-09-01
PAHANG,Temerloh,01:00PM,59.0,2026-09-01
PAHANG,Temerloh,12:00PM,58.0,2026-09-01
PAHANG,Temerloh,11:00AM,58.0,2026-09-01
PAHANG,Temerloh,10:00AM,57.0,2026-09-01
PAHANG,Temerloh,09:00AM,57.0,2026-09-01
PAHANG,Temerloh,08:00AM,57.0,2026-09-01
PAHANG,Temerloh,07:00AM,57.0,2026-09-01
PAHANG,Temerloh,06:00AM,57.0,2026-09-01
PAHANG,Temerloh,05:00AM,58.0,2026-09-01
PAHANG,Temerloh,04:00AM,58.0,2026-09-01
PAHANG,Temerloh,03:00AM,59.0,2026-09-01
PAHANG,Temerloh,02:00AM,,2026-09-01
PAHANG,Jerantut,01:00AM,69.0,2026-09-02
PAHANG,Jerantut,12:00AM,69.0,2026-09-02
PAHANG,Jerantut,11:00PM,69.0,2026-09-01
PAHANG,Jerantut,10:00PM,69.0,2026-09-01
PAHANG,Jerantut,09:00PM,70.0,2026-09-01
PAHANG,Jerantut,08:00PM,69.0,2026-09-01
PAHANG,Jerantut,07:00PM,69.0,2026-09-01
PAHANG,Jerantut,06:00PM,69.0,2026-09-01
PAHANG,Jerantut,05:00PM,69.0,2026-09-01
PAHANG,Jerantut,04:00PM,68.0,2026-09-01
PAHANG,Jerantut,03:00PM,66.0,2026-09-01
PAHANG,Jerantut,02:00PM,65.0,2026-09-01
PAHANG,Jerantut,01:00PM,65.0,2026-09-01
PAHANG,Jerantut,12:00PM,65.0,2026-09-01
PAHANG,Jerantut,11:00AM,65.0,2026-09-01
PAHANG,Jerantut,10:00AM,65.0,2026-09-01
PAHANG,Jerantut,09:00AM,65.0,2026-09-01
PAHANG,Jerantut,08:00AM,65.0,2026-09-01
PAHANG,Jerantut,07:00AM,65.0,2026-09-01
PAHANG,Jerantut,06:00AM,65.0,2026-09-01
PAHANG,Jerantut,05:00AM,64.0,2026-09-01
PAHANG,Jerantut,04:00AM,64.0,2026-09-01
PAHANG,Jerantut,03:00AM,64.0,2026-09-01
PAHANG,Jerantut,02:00AM,64.0,2026-09-01
PAHANG,Indera Mahkota Kuantan,01:00AM,66.0,2026-09-02
PAHANG,Indera Mahkota Kuantan,12:00AM,65.0,2026-09-02
PAHANG,Indera Mahkota Kuantan,11:00PM,65.0,2026-09-01
PAHANG,Indera Mahkota Kuantan,10:00PM,65.0,2026-09-01
PAHANG,Indera Mahkota Kuantan,09:00PM,64.0,2026-09-01
PAHANG,Indera Mahkota Kuantan,08:00PM,63.0,2026-09-01
PAHANG,Indera Mahkota Kuantan,07:00PM,62.0,2026-09-01
PAHANG,Indera Mahkota Kuantan,06:00PM,62.0,2026-09-01
PAHANG,Indera Mahkota Kuantan,05:00PM,61.0,2026-09-01
PAHANG,Indera Mahkota Kuantan,04:00PM,60.0,2026-09-01
PAHANG,Indera Mahkota Kuantan,03:00PM,59.0,2026-09-01
PAHANG,Indera Mahkota Kuantan,02:00PM,58.0,2026-09-01
PAHANG,Indera Mahkota Kuantan,01:00PM,58.0,2026-09-01
PAHANG,Indera Mahkota Kuantan,12:00PM,57.0,2026-09-01
PAHANG,Indera Mahkota Kuantan,11:00AM,56.0,2026-09-01
PAHANG,Indera Mahkota Kuantan,10:00AM,56.0,2026-09-01
PAHANG,Indera Mahkota Kuantan,09:00AM,55.0,2026-09-01
PAHANG,Indera Mahkota Kuantan,08:00AM,56.0,2026-09-01
PAHANG,Indera Mahkota Kuantan,07:00AM,56.0,2026-09-01
PAHANG,Indera Mahkota Kuantan,06:00AM,56.0,2026-09-01
PAHANG,Indera Mahkota Kuantan,05:00AM,56.0,2026-09-01
PAHANG,Indera Mahkota Kuantan,04:00AM,55.0,2026-09-01
PAHANG,Indera Mahkota Kuantan,03:00AM,56.0,2026-09-01
PAHANG,Indera Mahkota Kuantan,02:00AM,56.0,2026-09-01
PAHANG,Balok Baru Kuantan,01:00AM,66.0,2026-09-02
PAHANG,Balok Baru Kuantan,12:00AM,67.0,2026-09-02
PAHANG,Balok Baru Kuantan,11:00PM,66.0,2026-09-01
PAHANG,Balok Baru Kuantan,10:00PM,66.0,2026-09-01
PAHANG,Balok Baru Kuantan,09:00PM,65.0,2026-09-01
PAHANG,Balok Baru Kuantan,08:00PM,65.0,2026-09-01
PAHANG,Balok Baru Kuantan,07:00PM,64.0,2026-09-01
PAHANG,Balok Baru Kuantan,06:00PM,64.0,2026-09-01
PAHANG,Balok Baru Kuantan,05:00PM,63.0,2026-09-01
PAHANG,Balok Baru Kuantan,04:00PM,62.0,2026-09-01
PAHANG,Balok Baru Kuantan,03:00PM,61.0,2026-09-01
PAHANG,Balok Baru Kuantan,02:00PM,59.0,2026-09-01
PAHANG,Balok Baru Kuantan,01:00PM,58.0,2026-09-01
PAHANG,Balok Baru Kuantan,12:00PM,57.0,2026-09-01
PAHANG,Balok Baru Kuantan,11:00AM,57.0,2026-09-01
PAHANG,Balok Baru Kuantan,10:00AM,56.0,2026-09-01
PAHANG,Balok Baru Kuantan,09:00AM,56.0,2026-09-01
PAHANG,Balok Baru Kuantan,08:00AM,57.0,2026-09-01
PAHANG,Balok Baru Kuantan,07:00AM,57.0,2026-09-01
PAHANG,Balok Baru Kuantan,06:00AM,58.0,2026-09-01
PAHANG,Balok Baru Kuantan,05:00AM,58.0,2026-09-01
PAHANG,Balok Baru Kuantan,04:00AM,57.0,2026-09-01
PAHANG,Balok Baru Kuantan,03:00AM,57.0,2026-09-01
PAHANG,Balok Baru Kuantan,02:00AM,57.0,2026-09-01
TERENGGANU,Kemaman,01:00AM,64.0,2026-09-02
TERENGGANU,Kemaman,12:00AM,64.0,2026-09-02
TERENGGANU,Kemaman,11:00PM,64.0,2026-09-01
TERENGGANU,Kemaman,10:00PM,64.0,2026-09-01
TERENGGANU,Kemaman,09:00PM,64.0,2026-09-01
TERENGGANU,Kemaman,08:00PM,64.0,2026-09-01
TERENGGANU,Kemaman,07:00PM,64.0,2026-09-01
TERENGGANU,Kemaman,06:00PM,63.0,2026-09-01
TERENGGANU,Kemaman,05:00PM,61.0,2026-09-01
TERENGGANU,Kemaman,04:00PM,60.0,2026-09-01
TERENGGANU,Kemaman,03:00PM,60.0,2026-09-01
TERENGGANU,Kemaman,02:00PM,60.0,2026-09-01
TERENGGANU,Kemaman,01:00PM,59.0,2026-09-01
TERENGGANU,Kemaman,12:00PM,59.0,2026-09-01
TERENGGANU,Kemaman,11:00AM,59.0,2026-09-01
TERENGGANU,Kemaman,10:00AM,60.0,2026-09-01
TERENGGANU,Kemaman,09:00AM,60.0,2026-09-01
TERENGGANU,Kemaman,08:00AM,60.0,2026-09-01
TERENGGANU,Kemaman,07:00AM,61.0,2026-09-01
TERENGGANU,Kemaman,06:00AM,61.0,2026-09-01
TERENGGANU,Kemaman,05:00AM,62.0,2026-09-01
TERENGGANU,Kemaman,04:00AM,62.0,2026-09-01
TERENGGANU,Kemaman,03:00AM,63.0,2026-09-01
TERENGGANU,Kemaman,02:00AM,64.0,2026-09-01
TERENGGANU,Paka,01:00AM,65.0,2026-09-02
TERENGGANU,Paka,12:00AM,64.0,2026-09-02
TERENGGANU,Paka,11:00PM,64.0,2026-09-01
TERENGGANU,Paka,10:00PM,64.0,2026-09-01
TERENGGANU,Paka,09:00PM,63.0,2026-09-01
TERENGGANU,Paka,08:00PM,64.0,2026-09-01
TERENGGANU,Paka,07:00PM,63.0,2026-09-01
TERENGGANU,Paka,06:00PM,63.0,2026-09-01
TERENGGANU,Paka,05:00PM,63.0,2026-09-01
TERENGGANU,Paka,04:00PM,61.0,2026-09-01
TERENGGANU,Paka,03:00PM,61.0,2026-09-01
TERENGGANU,Paka,02:00PM,61.0,2026-09-01
TERENGGANU,Paka,01:00PM,61.0,2026-09-01
TERENGGANU,Paka,12:00PM,61.0,2026-09-01
TERENGGANU,Paka,11:00AM,62.0,2026-09-01
TERENGGANU,Paka,10:00AM,62.0,2026-09-01
TERENGGANU,Paka,09:00AM,62.0,2026-09-01
TERENGGANU,Paka,08:00AM,63.0,2026-09-01
TERENGGANU,Paka,07:00AM,63.0,2026-09-01
TERENGGANU,Paka,06:00AM,63.0,2026-09-01
TERENGGANU,Paka,05:00AM,64.0,2026-09-01
TERENGGANU,Paka,04:00AM,64.0,2026-09-01
TERENGGANU,Paka,03:00AM,65.0,2026-09-01
TERENGGANU,Paka,02:00AM,65.0,2026-09-01
TERENGGANU,Kuala Terengganu,01:00AM,72.0,2026-09-02
TERENGGANU,Kuala Terengganu,12:00AM,74.0,2026-09-02
TERENGGANU,Kuala Terengganu,11:00PM,75.0,2026-09-01
TERENGGANU,Kuala Terengganu,10:00PM,75.0,2026-09-01
TERENGGANU,Kuala Terengganu,09:00PM,74.0,2026-09-01
TERENGGANU,Kuala Terengganu,08:00PM,74.0,2026-09-01
TERENGGANU,Kuala Terengganu,07:00PM,74.0,2026-09-01
TERENGGANU,Kuala Terengganu,06:00PM,73.0,2026-09-01
TERENGGANU,Kuala Terengganu,05:00PM,72.0,2026-09-01
TERENGGANU,Kuala Terengganu,04:00PM,73.0,2026-09-01
TERENGGANU,Kuala Terengganu,03:00PM,74.0,2026-09-01
TERENGGANU,Kuala Terengganu,02:00PM,75.0,2026-09-01
TERENGGANU,Kuala Terengganu,01:00PM,75.0,2026-09-01
TERENGGANU,Kuala Terengganu,12:00PM,75.0,2026-09-01
TERENGGANU,Kuala Terengganu,11:00AM,73.0,2026-09-01
TERENGGANU,Kuala Terengganu,10:00AM,71.0,2026-09-01
TERENGGANU,Kuala Terengganu,09:00AM,73.0,2026-09-01
TERENGGANU,Kuala Terengganu,08:00AM,73.0,2026-09-01
TERENGGANU,Kuala Terengganu,07:00AM,73.0,2026-09-01
TERENGGANU,Kuala Terengganu,06:00AM,73.0,2026-09-01
TERENGGANU,Kuala Terengganu,05:00AM,73.0,2026-09-01
TERENGGANU,Kuala Terengganu,04:00AM,73.0,2026-09-01
TERENGGANU,Kuala Terengganu,03:00AM,74.0,2026-09-01
TERENGGANU,Kuala Terengganu,02:00AM,74.0,2026-09-01
TERENGGANU,Besut,01:00AM,66.0,2026-09-02
TERENGGANU,Besut,12:00AM,66.0,2026-09-02
TERENGGANU,Besut,11:00PM,67.0,2026-09-01
TERENGGANU,Besut,10:00PM,67.0,2026-09-01
TERENGGANU,Besut,09:00PM,66.0,2026-09-01
TERENGGANU,Besut,08:00PM,66.0,2026-09-01
TERENGGANU,Besut,07:00PM,67.0,2026-09-01
TERENGGANU,Besut,06:00PM,67.0,2026-09-01
TERENGGANU,Besut,05:00PM,67.0,2026-09-01
TERENGGANU,Besut,04:00PM,67.0,2026-09-01
TERENGGANU,Besut,03:00PM,67.0,2026-09-01
TERENGGANU,Besut,02:00PM,68.0,2026-09-01
TERENGGANU,Besut,01:00PM,68.0,2026-09-01
TERENGGANU,Besut,12:00PM,68.0,2026-09-01
TERENGGANU,Besut,11:00AM,69.0,2026-09-01
TERENGGANU,Besut,10:00AM,69.0,2026-09-01
TERENGGANU,Besut,09:00AM,68.0,2026-09-01
TERENGGANU,Besut,08:00AM,69.0,2026-09-01
TERENGGANU,Besut,07:00AM,69.0,2026-09-01
TERENGGANU,Besut,06:00AM,69.0,2026-09-01
TERENGGANU,Besut,05:00AM,70.0,2026-09-01
TERENGGANU,Besut,04:00AM,70.0,2026-09-01
TERENGGANU,Besut,03:00AM,71.0,2026-09-01
TERENGGANU,Besut,02:00AM,72.0,2026-09-01
KELANTAN,Tanah Merah,01:00AM,59.0,2026-09-02
KELANTAN,Tanah Merah,12:00AM,58.0,2026-09-02
KELANTAN,Tanah Merah,11:00PM,58.0,2026-09-01
KELANTAN,Tanah Merah,10:00PM,58.0,2026-09-01
KELANTAN,Tanah Merah,09:00PM,57.0,2026-09-01
KELANTAN,Tanah Merah,08:00PM,57.0,2026-09-01
KELANTAN,Tanah Merah,07:00PM,58.0,2026-09-01
KELANTAN,Tanah Merah,06:00PM,57.0,2026-09-01
KELANTAN,Tanah Merah,05:00PM,58.0,2026-09-01
KELANTAN,Tanah Merah,04:00PM,58.0,2026-09-01
KELANTAN,Tanah Merah,03:00PM,58.0,2026-09-01
KELANTAN,Tanah Merah,02:00PM,58.0,2026-09-01
KELANTAN,Tanah Merah,01:00PM,58.0,2026-09-01
KELANTAN,Tanah Merah,12:00PM,59.0,2026-09-01
KELANTAN,Tanah Merah,11:00AM,59.0,2026-09-01
KELANTAN,Tanah Merah,10:00AM,59.0,2026-09-01
KELANTAN,Tanah Merah,09:00AM,59.0,2026-09-01
KELANTAN,Tanah Merah,08:00AM,59.0,2026-09-01
KELANTAN,Tanah Merah,07:00AM,59.0,2026-09-01
KELANTAN,Tanah Merah,06:00AM,59.0,2026-09-01
KELANTAN,Tanah Merah,05:00AM,59.0,2026-09-01
KELANTAN,Tanah Merah,04:00AM,60.0,2026-09-01
KELANTAN,Tanah Merah,03:00AM,60.0,2026-09-01
KELANTAN,Tanah Merah,02:00AM,60.0,2026-09-01
KELANTAN,Kota Bharu,01:00AM,67.0,2026-09-02
KELANTAN,Kota Bharu,12:00AM,66.0,2026-09-02
KELANTAN,Kota Bharu,11:00PM,65.0,2026-09-01
KELANTAN,Kota Bharu,10:00PM,64.0,2026-09-01
KELANTAN,Kota Bharu,09:00PM,63.0,2026-09-01
KELANTAN,Kota Bharu,08:00PM,63.0,2026-09-01
KELANTAN,Kota Bharu,07:00PM,62.0,2026-09-01
KELANTAN,Kota Bharu,06:00PM,62.0,2026-09-01
KELANTAN,Kota Bharu,05:00PM,62.0,2026-09-01
KELANTAN,Kota Bharu,04:00PM,62.0,2026-09-01
KELANTAN,Kota Bharu,03:00PM,62.0,2026-09-01
KELANTAN,Kota Bharu,02:00PM,63.0,2026-09-01
KELANTAN,Kota Bharu,01:00PM,64.0,2026-09-01
KELANTAN,Kota Bharu,12:00PM,65.0,2026-09-01
KELANTAN,Kota Bharu,11:00AM,66.0,2026-09-01
KELANTAN,Kota Bharu,10:00AM,66.0,2026-09-01
KELANTAN,Kota Bharu,09:00AM,66.0,2026-09-01
KELANTAN,Kota Bharu,08:00AM,66.0,2026-09-01
KELANTAN,Kota Bharu,07:00AM,66.0,2026-09-01
KELANTAN,Kota Bharu,06:00AM,66.0,2026-09-01
KELANTAN,Kota Bharu,05:00AM,66.0,2026-09-01
KELANTAN,Kota Bharu,04:00AM,66.0,2026-09-01
KELANTAN,Kota Bharu,03:00AM,66.0,2026-09-01
KELANTAN,Kota Bharu,02:00AM,66.0,2026-09-01
SABAH,Tawau,01:00AM,153.0,2026-09-02
SABAH,Tawau,12:00AM,153.0,2026-09-02
SABAH,Tawau,11:00PM,154.0,2026-09-01
SABAH,Tawau,10:00PM,154.0,2026-09-01
SABAH,Tawau,09:00PM,154.0,2026-09-01
SABAH,Tawau,08:00PM,154.0,2026-09-01
SABAH,Tawau,07:00PM,154.0,2026-09-01
SABAH,Tawau,06:00PM,154.0,2026-09-01
SABAH,Tawau,05:00PM,153.0,2026-09-01
SABAH,Tawau,04:00PM,153.0,2026-09-01
SABAH,Tawau,03:00PM,152.0,2026-09-01
SABAH,Tawau,02:00PM,151.0,2026-09-01
SABAH,Tawau,01:00PM,151.0,2026-09-01
SABAH,Tawau,12:00PM,144.0,2026-09-01
SABAH,Tawau,11:00AM,140.0,2026-09-01
SABAH,Tawau,10:00AM,135.0,2026-09-01
SABAH,Tawau,09:00AM,128.0,2026-09-01
SABAH,Tawau,08:00AM,132.0,2026-09-01
SABAH,Tawau,07:00AM,134.0,2026-09-01
SABAH,Tawau,06:00AM,138.0,2026-09-01
SABAH,Tawau,05:00AM,134.0,2026-09-01
SABAH,Tawau,04:00AM,127.0,2026-09-01
SABAH,Tawau,03:00AM,112.0,2026-09-01
SABAH,Tawau,02:00AM,110.0,2026-09-01
SABAH,Sandakan,01:00AM,115.0,2026-09-02
SABAH,Sandakan,12:00AM,99.0,2026-09-02
SABAH,Sandakan,11:00PM,97.0,2026-09-01
SABAH,Sandakan,10:00PM,93.0,2026-09-01
SABAH,Sandakan,09:00PM,92.0,2026-09-01
SABAH,Sandakan,08:00PM,91.0,2026-09-01
SABAH,Sandakan,07:00PM,91.0,2026-09-01
SABAH,Sandakan,06:00PM,92.0,2026-09-01
SABAH,Sandakan,05:00PM,93.0,2026-09-01
SABAH,Sandakan,04:00PM,93.0,2026-09-01
SABAH,Sandakan,03:00PM,93.0,2026-09-01
SABAH,Sandakan,02:00PM,92.0,2026-09-01
SABAH,Sandakan,01:00PM,92.0,2026-09-01
SABAH,Sandakan,12:00PM,92.0,2026-09-01
SABAH,Sandakan,11:00AM,93.0,2026-09-01
SABAH,Sandakan,10:00AM,93.0,2026-09-01
SABAH,Sandakan,09:00AM,93.0,2026-09-01
SABAH,Sandakan,08:00AM,91.0,2026-09-01
SABAH,Sandakan,07:00AM,91.0,2026-09-01
SABAH,Sandakan,06:00AM,90.0,2026-09-01
SABAH,Sandakan,05:00AM,90.0,2026-09-01
SABAH,Sandakan,04:00AM,89.0,2026-09-01
SABAH,Sandakan,03:00AM,88.0,2026-09-01
SABAH,Sandakan,02:00AM,88.0,2026-09-01
SABAH,Kota Kinabalu,01:00AM,176.0,2026-09-02
SABAH,Kota Kinabalu,12:00AM,175.0,2026-09-02
SABAH,Kota Kinabalu,11:00PM,176.0,2026-09-01
SABAH,Kota Kinabalu,10:00PM,176.0,2026-09-01
SABAH,Kota Kinabalu,09:00PM,176.0,2026-09-01
SABAH,Kota Kinabalu,08:00PM,176.0,2026-09-01
SABAH,Kota Kinabalu,07:00PM,177.0,2026-09-01
SABAH,Kota Kinabalu,06:00PM,177.0,2026-09-01
SABAH,Kota Kinabalu,05:00PM,177.0,2026-09-01
SABAH,Kota Kinabalu,04:00PM,179.0,2026-09-01
SABAH,Kota Kinabalu,03:00PM,177.0,2026-09-01
SABAH,Kota Kinabalu,02:00PM,176.0,2026-09-01
SABAH,Kota Kinabalu,01:00PM,174.0,2026-09-01
SABAH,Kota Kinabalu,12:00PM,173.0,2026-09-01
SABAH,Kota Kinabalu,11:00AM,171.0,2026-09-01
SABAH,Kota Kinabalu,10:00AM,169.0,2026-09-01
SABAH,Kota Kinabalu,09:00AM,169.0,2026-09-01
SABAH,Kota Kinabalu,08:00AM,168.0,2026-09-01
SABAH,Kota Kinabalu,07:00AM,167.0,2026-09-01
SABAH,Kota Kinabalu,06:00AM,166.0,2026-09-01
SABAH,Kota Kinabalu,05:00AM,165.0,2026-09-01
SABAH,Kota Kinabalu,04:00AM,163.0,2026-09-01
SABAH,Kota Kinabalu,03:00AM,162.0,2026-09-01
SABAH,Kota Kinabalu,02:00AM,161.0,2026-09-01
SABAH,Kimanis,01:00AM,171.0,2026-09-02
SABAH,Kimanis,12:00AM,170.0,2026-09-02
SABAH,Kimanis,11:00PM,169.0,2026-09-01
SABAH,Kimanis,10:00PM,167.0,2026-09-01
SABAH,Kimanis,09:00PM,165.0,2026-09-01
SABAH,Kimanis,08:00PM,165.0,2026-09-01
SABAH,Kimanis,07:00PM,165.0,2026-09-01
SABAH,Kimanis,06:00PM,165.0,2026-09-01
SABAH,Kimanis,05:00PM,166.0,2026-09-01
SABAH,Kimanis,04:00PM,166.0,2026-09-01
SABAH,Kimanis,03:00PM,166.0,2026-09-01
SABAH,Kimanis,02:00PM,165.0,2026-09-01
SABAH,Kimanis,01:00PM,164.0,2026-09-01
SABAH,Kimanis,12:00PM,162.0,2026-09-01
SABAH,Kimanis,11:00AM,161.0,2026-09-01
SABAH,Kimanis,10:00AM,159.0,2026-09-01
SABAH,Kimanis,09:00AM,158.0,2026-09-01
SABAH,Kimanis,08:00AM,156.0,2026-09-01
SABAH,Kimanis,07:00AM,155.0,2026-09-01
SABAH,Kimanis,06:00AM,154.0,2026-09-01
SABAH,Kimanis,05:00AM,153.0,2026-09-01
SABAH,Kimanis,04:00AM,152.0,2026-09-01
SABAH,Kimanis,03:00AM,152.0,2026-09-01
SABAH,Kimanis,02:00AM,151.0,2026-09-01
SABAH,Keningau,01:00AM,168.0,2026-09-02
SABAH,Keningau,12:00AM,167.0,2026-09-02
SABAH,Keningau,11:00PM,167.0,2026-09-01
SABAH,Keningau,10:00PM,167.0,2026-09-01
SABAH,Keningau,09:00PM,166.0,2026-09-01
SABAH,Keningau,08:00PM,166.0,2026-09-01
SABAH,Keningau,07:00PM,166.0,2026-09-01
SABAH,Keningau,06:00PM,165.0,2026-09-01
SABAH,Keningau,05:00PM,165.0,2026-09-01
SABAH,Keningau,04:00PM,164.0,2026-09-01
SABAH,Keningau,03:00PM,163.0,2026-09-01
SABAH,Keningau,02:00PM,161.0,2026-09-01
SABAH,Keningau,01:00PM,160.0,2026-09-01
SABAH,Keningau,12:00PM,159.0,2026-09-01
SABAH,Keningau,11:00AM,158.0,2026-09-01
SABAH,Keningau,10:00AM,157.0,2026-09-01
SABAH,Keningau,09:00AM,156.0,2026-09-01
SABAH,Keningau,08:00AM,156.0,2026-09-01
SABAH,Keningau,07:00AM,155.0,2026-09-01
SABAH,Keningau,06:00AM,155.0,2026-09-01
SABAH,Keningau,05:00AM,155.0,2026-09-01
SABAH,Keningau,04:00AM,155.0,2026-09-01
SABAH,Keningau,03:00AM,154.0,2026-09-01
SABAH,Keningau,02:00AM,154.0,2026-09-01
W.P. LABUAN,Labuan,01:00AM,174.0,2026-09-02
W.P. LABUAN,Labuan,12:00AM,173.0,2026-09-02
W.P. LABUAN,Labuan,11:00PM,173.0,2026-09-01
W.P. LABUAN,Labuan,10:00PM,172.0,2026-09-01
W.P. LABUAN,Labuan,09:00PM,172.0,2026-09-01
W.P. LABUAN,Labuan,08:00PM,170.0,2026-09-01
W.P. LABUAN,Labuan,07:00PM,170.0,2026-09-01
W.P. LABUAN,Labuan,06:00PM,171.0,2026-09-01
W.P. LABUAN,Labuan,05:00PM,170.0,2026-09-01
W.P. LABUAN,Labuan,04:00PM,170.0,2026-09-01
W.P. LABUAN,Labuan,03:00PM,170.0,2026-09-01
W.P. LABUAN,Labuan,02:00PM,170.0,2026-09-01
W.P. LABUAN,Labuan,01:00PM,169.0,2026-09-01
W.P. LABUAN,Labuan,12:00PM,169.0,2026-09-01
W.P. LABUAN,Labuan,11:00AM,169.0,2026-09-01
W.P. LABUAN,Labuan,10:00AM,168.0,2026-09-01
W.P. LABUAN,Labuan,09:00AM,167.0,2026-09-01
W.P. LABUAN,Labuan,08:00AM,167.0,2026-09-01
W.P. LABUAN,Labuan,07:00AM,166.0,2026-09-01
W.P. LABUAN,Labuan,06:00AM,166.0,2026-09-01
W.P. LABUAN,Labuan,05:00AM,166.0,2026-09-01
W.P. LABUAN,Labuan,04:00AM,167.0,2026-09-01
W.P. LABUAN,Labuan,03:00AM,168.0,2026-09-01
W.P. LABUAN,Labuan,02:00AM,168.0,2026-09-01
SARAWAK,Limbang,01:00AM,174.0,2026-09-02
SARAWAK,Limbang,12:00AM,174.0,2026-09-02
SARAWAK,Limbang,11:00PM,175.0,2026-09-01
SARAWAK,Limbang,10:00PM,175.0,2026-09-01
SARAWAK,Limbang,09:00PM,175.0,2026-09-01
SARAWAK,Limbang,08:00PM,175.0,2026-09-01
SARAWAK,Limbang,07:00PM,174.0,2026-09-01
SARAWAK,Limbang,06:00PM,173.0,2026-09-01
SARAWAK,Limbang,05:00PM,173.0,2026-09-01
SARAWAK,Limbang,04:00PM,173.0,2026-09-01
SARAWAK,Limbang,03:00PM,172.0,2026-09-01
SARAWAK,Limbang,02:00PM,170.0,2026-09-01
SARAWAK,Limbang,01:00PM,169.0,2026-09-01
SARAWAK,Limbang,12:00PM,168.0,2026-09-01
SARAWAK,Limbang,11:00AM,166.0,2026-09-01
SARAWAK,Limbang,10:00AM,165.0,2026-09-01
SARAWAK,Limbang,09:00AM,166.0,2026-09-01
SARAWAK,Limbang,08:00AM,166.0,2026-09-01
SARAWAK,Limbang,07:00AM,166.0,2026-09-01
SARAWAK,Limbang,06:00AM,166.0,2026-09-01
SARAWAK,Limbang,05:00AM,166.0,2026-09-01
SARAWAK,Limbang,04:00AM,165.0,2026-09-01
SARAWAK,Limbang,03:00AM,165.0,2026-09-01
SARAWAK,Limbang,02:00AM,164.0,2026-09-01
SARAWAK,ILP Miri,01:00AM,187.0,2026-09-02
SARAWAK,ILP Miri,12:00AM,187.0,2026-09-02
SARAWAK,ILP Miri,11:00PM,187.0,2026-09-01
SARAWAK,ILP Miri,10:00PM,187.0,2026-09-01
SARAWAK,ILP Miri,09:00PM,188.0,2026-09-01
SARAWAK,ILP Miri,08:00PM,189.0,2026-09-01
SARAWAK,ILP Miri,07:00PM,190.0,2026-09-01
SARAWAK,ILP Miri,06:00PM,191.0,2026-09-01
SARAWAK,ILP Miri,05:00PM,191.0,2026-09-01
SARAWAK,ILP Miri,04:00PM,190.0,2026-09-01
SARAWAK,ILP Miri,03:00PM,190.0,2026-09-01
SARAWAK,ILP Miri,02:00PM,189.0,2026-09-01
SARAWAK,ILP Miri,01:00PM,189.0,2026-09-01
SARAWAK,ILP Miri,12:00PM,189.0,2026-09-01
SARAWAK,ILP Miri,11:00AM,188.0,2026-09-01
SARAWAK,ILP Miri,10:00AM,187.0,2026-09-01
SARAWAK,ILP Miri,09:00AM,187.0,2026-09-01
SARAWAK,ILP Miri,08:00AM,187.0,2026-09-01
SARAWAK,ILP Miri,07:00AM,186.0,2026-09-01
SARAWAK,ILP Miri,06:00AM,184.0,2026-09-01
SARAWAK,ILP Miri,05:00AM,183.0,2026-09-01
SARAWAK,ILP Miri,04:00AM,182.0,2026-09-01
SARAWAK,ILP Miri,03:00AM,181.0,2026-09-01
SARAWAK,ILP Miri,02:00AM,180.0,2026-09-01
SARAWAK,Miri,01:00AM,183.0,2026-09-02
SARAWAK,Miri,12:00AM,182.0,2026-09-02
SARAWAK,Miri,11:00PM,182.0,2026-09-01
SARAWAK,Miri,10:00PM,182.0,2026-09-01
SARAWAK,Miri,09:00PM,182.0,2026-09-01
SARAWAK,Miri,08:00PM,184.0,2026-09-01
SARAWAK,Miri,07:00PM,185.0,2026-09-01
SARAWAK,Miri,06:00PM,186.0,2026-09-01
SARAWAK,Miri,05:00PM,186.0,2026-09-01
SARAWAK,Miri,04:00PM,185.0,2026-09-01
SARAWAK,Miri,03:00PM,184.0,2026-09-01
SARAWAK,Miri,02:00PM,184.0,2026-09-01
SARAWAK,Miri,01:00PM,183.0,2026-09-01
SARAWAK,Miri,12:00PM,183.0,2026-09-01
SARAWAK,Miri,11:00AM,182.0,2026-09-01
SARAWAK,Miri,10:00AM,181.0,2026-09-01
SARAWAK,Miri,09:00AM,180.0,2026-09-01
SARAWAK,Miri,08:00AM,180.0,2026-09-01
SARAWAK,Miri,07:00AM,179.0,2026-09-01
SARAWAK,Miri,06:00AM,178.0,2026-09-01
SARAWAK,Miri,05:00AM,177.0,2026-09-01
SARAWAK,Miri,04:00AM,176.0,2026-09-01
SARAWAK,Miri,03:00AM,176.0,2026-09-01
SARAWAK,Miri,02:00AM,178.0,2026-09-01
SARAWAK,Samalaju,01:00AM,210.0,2026-09-02
SARAWAK,Samalaju,12:00AM,212.0,2026-09-02
SARAWAK,Samalaju,11:00PM,213.0,2026-09-01
SARAWAK,Samalaju,10:00PM,215.0,2026-09-01
SARAWAK,Samalaju,09:00PM,217.0,2026-09-01
SARAWAK,Samalaju,08:00PM,218.0,2026-09-01
SARAWAK,Samalaju,07:00PM,223.0,2026-09-01
SARAWAK,Samalaju,06:00PM,226.0,2026-09-01
SARAWAK,Samalaju,05:00PM,230.0,2026-09-01
SARAWAK,Samalaju,04:00PM,235.0,2026-09-01
SARAWAK,Samalaju,03:00PM,236.0,2026-09-01
SARAWAK,Samalaju,02:00PM,236.0,2026-09-01
SARAWAK,Samalaju,01:00PM,237.0,2026-09-01
SARAWAK,Samalaju,12:00PM,237.0,2026-09-01
SARAWAK,Samalaju,11:00AM,235.0,2026-09-01
SARAWAK,Samalaju,10:00AM,234.0,2026-09-01
SARAWAK,Samalaju,09:00AM,230.0,2026-09-01
SARAWAK,Samalaju,08:00AM,225.0,2026-09-01
SARAWAK,Samalaju,07:00AM,221.0,2026-09-01
SARAWAK,Samalaju,06:00AM,218.0,2026-09-01
SARAWAK,Samalaju,05:00AM,216.0,2026-09-01
SARAWAK,Samalaju,04:00AM,213.0,2026-09-01
SARAWAK,Samalaju,03:00AM,211.0,2026-09-01
SARAWAK,Samalaju,02:00AM,209.0,2026-09-01
SARAWAK,Bintulu,01:00AM,238.0,2026-09-02
SARAWAK,Bintulu,12:00AM,238.0,2026-09-02
SARAWAK,Bintulu,11:00PM,239.0,2026-09-01
SARAWAK,Bintulu,10:00PM,240.0,2026-09-01
SARAWAK,Bintulu,09:00PM,241.0,2026-09-01
SARAWAK,Bintulu,08:00PM,242.0,2026-09-01
SARAWAK,Bintulu,07:00PM,244.0,2026-09-01
SARAWAK,Bintulu,06:00PM,247.0,2026-09-01
SARAWAK,Bintulu,05:00PM,250.0,2026-09-01
SARAWAK,Bintulu,04:00PM,250.0,2026-09-01
SARAWAK,Bintulu,03:00PM,249.0,2026-09-01
SARAWAK,Bintulu,02:00PM,247.0,2026-09-01
SARAWAK,Bintulu,01:00PM,244.0,2026-09-01
SARAWAK,Bintulu,12:00PM,242.0,2026-09-01
SARAWAK,Bintulu,11:00AM,241.0,2026-09-01
SARAWAK,Bintulu,10:00AM,241.0,2026-09-01
SARAWAK,Bintulu,09:00AM,237.0,2026-09-01
SARAWAK,Bintulu,08:00AM,232.0,2026-09-01
SARAWAK,Bintulu,07:00AM,226.0,2026-09-01
SARAWAK,Bintulu,06:00AM,221.0,2026-09-01
SARAWAK,Bintulu,05:00AM,214.0,2026-09-01
SARAWAK,Bintulu,04:00AM,208.0,2026-09-01
SARAWAK,Bintulu,03:00AM,203.0,2026-09-01
SARAWAK,Bintulu,02:00AM,198.0,2026-09-01
SARAWAK,Mukah,01:00AM,247.0,2026-09-02
SARAWAK,Mukah,12:00AM,248.0,2026-09-02
SARAWAK,Mukah,11:00PM,247.0,2026-09-01
SARAWAK,Mukah,10:00PM,245.0,2026-09-01
SARAWAK,Mukah,09:00PM,242.0,2026-09-01
SARAWAK,Mukah,08:00PM,240.0,2026-09-01
SARAWAK,Mukah,07:00PM,240.0,2026-09-01
SARAWAK,Mukah,06:00PM,241.0,2026-09-01
SARAWAK,Mukah,05:00PM,243.0,2026-09-01
SARAWAK,Mukah,04:00PM,243.0,2026-09-01
SARAWAK,Mukah,03:00PM,242.0,2026-09-01
SARAWAK,Mukah,02:00PM,239.0,2026-09-01
SARAWAK,Mukah,01:00PM,239.0,2026-09-01
SARAWAK,Mukah,12:00PM,241.0,2026-09-01
SARAWAK,Mukah,11:00AM,241.0,2026-09-01
SARAWAK,Mukah,10:00AM,241.0,2026-09-01
SARAWAK,Mukah,09:00AM,237.0,2026-09-01
SARAWAK,Mukah,08:00AM,234.0,2026-09-01
SARAWAK,Mukah,07:00AM,232.0,2026-09-01
SARAWAK,Mukah,06:00AM,228.0,2026-09-01
SARAWAK,Mukah,05:00AM,227.0,2026-09-01
SARAWAK,Mukah,04:00AM,225.0,2026-09-01
SARAWAK,Mukah,03:00AM,223.0,2026-09-01
SARAWAK,Mukah,02:00AM,221.0,2026-09-01
SARAWAK,Kapit,01:00AM,185.0,2026-09-02
SARAWAK,Kapit,12:00AM,185.0,2026-09-02
SARAWAK,Kapit,11:00PM,185.0,2026-09-01
SARAWAK,Kapit,10:00PM,185.0,2026-09-01
SARAWAK,Kapit,09:00PM,185.0,2026-09-01
SARAWAK,Kapit,08:00PM,185.0,2026-09-01
SARAWAK,Kapit,07:00PM,185.0,2026-09-01
SARAWAK,Kapit,06:00PM,185.0,2026-09-01
SARAWAK,Kapit,05:00PM,186.0,2026-09-01
SARAWAK,Kapit,04:00PM,185.0,2026-09-01
SARAWAK,Kapit,03:00PM,185.0,2026-09-01
SARAWAK,Kapit,02:00PM,185.0,2026-09-01
SARAWAK,Kapit,01:00PM,185.0,2026-09-01
SARAWAK,Kapit,12:00PM,184.0,2026-09-01
SARAWAK,Kapit,11:00AM,182.0,2026-09-01
SARAWAK,Kapit,10:00AM,180.0,2026-09-01
SARAWAK,Kapit,09:00AM,179.0,2026-09-01
SARAWAK,Kapit,08:00AM,178.0,2026-09-01
SARAWAK,Kapit,07:00AM,177.0,2026-09-01
SARAWAK,Kapit,06:00AM,176.0,2026-09-01
SARAWAK,Kapit,05:00AM,176.0,2026-09-01
SARAWAK,Kapit,04:00AM,175.0,2026-09-01
SARAWAK,Kapit,03:00AM,174.0,2026-09-01
SARAWAK,Kapit,02:00AM,173.0,2026-09-01
SARAWAK,Sibu,01:00AM,311.0,2026-09-02
SARAWAK,Sibu,12:00AM,314.0,2026-09-02
SARAWAK,Sibu,11:00PM,316.0,2026-09-01
SARAWAK,Sibu,10:00PM,317.0,2026-09-01
SARAWAK,Sibu,09:00PM,318.0,2026-09-01
SARAWAK,Sibu,08:00PM,319.0,2026-09-01
SARAWAK,Sibu,07:00PM,320.0,2026-09-01
SARAWAK,Sibu,06:00PM,323.0,2026-09-01
SARAWAK,Sibu,05:00PM,325.0,2026-09-01
SARAWAK,Sibu,04:00PM,327.0,2026-09-01
SARAWAK,Sibu,03:00PM,329.0,2026-09-01
SARAWAK,Sibu,02:00PM,331.0,2026-09-01
SARAWAK,Sibu,01:00PM,332.0,2026-09-01
SARAWAK,Sibu,12:00PM,330.0,2026-09-01
SARAWAK,Sibu,11:00AM,326.0,2026-09-01
SARAWAK,Sibu,10:00AM,321.0,2026-09-01
SARAWAK,Sibu,09:00AM,315.0,2026-09-01
SARAWAK,Sibu,08:00AM,309.0,2026-09-01
SARAWAK,Sibu,07:00AM,304.0,2026-09-01
SARAWAK,Sibu,06:00AM,298.0,2026-09-01
SARAWAK,Sibu,05:00AM,294.0,2026-09-01
SARAWAK,Sibu,04:00AM,290.0,2026-09-01
SARAWAK,Sibu,03:00AM,286.0,2026-09-01
SARAWAK,Sibu,02:00AM,282.0,2026-09-01
SARAWAK,Sarikei,01:00AM,303.0,2026-09-02
SARAWAK,Sarikei,12:00AM,307.0,2026-09-02
SARAWAK,Sarikei,11:00PM,311.0,2026-09-01
SARAWAK,Sarikei,10:00PM,315.0,2026-09-01
SARAWAK,Sarikei,09:00PM,319.0,2026-09-01
SARAWAK,Sarikei,08:00PM,324.0,2026-09-01
SARAWAK,Sarikei,07:00PM,328.0,2026-09-01
SARAWAK,Sarikei,06:00PM,333.0,2026-09-01
SARAWAK,Sarikei,05:00PM,339.0,2026-09-01
SARAWAK,Sarikei,04:00PM,345.0,2026-09-01
SARAWAK,Sarikei,03:00PM,352.0,2026-09-01
SARAWAK,Sarikei,02:00PM,349.0,2026-09-01
SARAWAK,Sarikei,01:00PM,350.0,2026-09-01
SARAWAK,Sarikei,12:00PM,346.0,2026-09-01
SARAWAK,Sarikei,11:00AM,342.0,2026-09-01
SARAWAK,Sarikei,10:00AM,340.0,2026-09-01
SARAWAK,Sarikei,09:00AM,337.0,2026-09-01
SARAWAK,Sarikei,08:00AM,333.0,2026-09-01
SARAWAK,Sarikei,07:00AM,330.0,2026-09-01
SARAWAK,Sarikei,06:00AM,328.0,2026-09-01
SARAWAK,Sarikei,05:00AM,326.0,2026-09-01
SARAWAK,Sarikei,04:00AM,323.0,2026-09-01
SARAWAK,Sarikei,03:00AM,320.0,2026-09-01
SARAWAK,Sarikei,02:00AM,317.0,2026-09-01
SARAWAK,Sri Aman,01:00AM,247.0,2026-09-02
SARAWAK,Sri Aman,12:00AM,252.0,2026-09-02
SARAWAK,Sri Aman,11:00PM,259.0,2026-09-01
SARAWAK,Sri Aman,10:00PM,266.0,2026-09-01
SARAWAK,Sri Aman,09:00PM,271.0,2026-09-01
SARAWAK,Sri Aman,08:00PM,279.0,2026-09-01
SARAWAK,Sri Aman,07:00PM,286.0,2026-09-01
SARAWAK,Sri Aman,06:00PM,295.0,2026-09-01
SARAWAK,Sri Aman,05:00PM,304.0,2026-09-01
SARAWAK,Sri Aman,04:00PM,312.0,2026-09-01
SARAWAK,Sri Aman,03:00PM,319.0,2026-09-01
SARAWAK,Sri Aman,02:00PM,327.0,2026-09-01
SARAWAK,Sri Aman,01:00PM,335.0,2026-09-01
SARAWAK,Sri Aman,12:00PM,343.0,2026-09-01
SARAWAK,Sri Aman,11:00AM,353.0,2026-09-01
SARAWAK,Sri Aman,10:00AM,362.0,2026-09-01
SARAWAK,Sri Aman,09:00AM,364.0,2026-09-01
SARAWAK,Sri Aman,08:00AM,361.0,2026-09-01
SARAWAK,Sri Aman,07:00AM,358.0,2026-09-01
SARAWAK,Sri Aman,06:00AM,355.0,2026-09-01
SARAWAK,Sri Aman,05:00AM,353.0,2026-09-01
SARAWAK,Sri Aman,04:00AM,351.0,2026-09-01
SARAWAK,Sri Aman,03:00AM,350.0,2026-09-01
SARAWAK,Sri Aman,02:00AM,348.0,2026-09-01
SARAWAK,Samarahan,01:00AM,308.0,2026-09-02
SARAWAK,Samarahan,12:00AM,307.0,2026-09-02
SARAWAK,Samarahan,11:00PM,309.0,2026-09-01
SARAWAK,Samarahan,10:00PM,311.0,2026-09-01
SARAWAK,Samarahan,09:00PM,313.0,2026-09-01
SARAWAK,Samarahan,08:00PM,316.0,2026-09-01
SARAWAK,Samarahan,07:00PM,316.0,2026-09-01
SARAWAK,Samarahan,06:00PM,318.0,2026-09-01
SARAWAK,Samarahan,05:00PM,323.0,2026-09-01
SARAWAK,Samarahan,04:00PM,326.0,2026-09-01
SARAWAK,Samarahan,03:00PM,333.0,2026-09-01
SARAWAK,Samarahan,02:00PM,339.0,2026-09-01
SARAWAK,Samarahan,01:00PM,348.0,2026-09-01
SARAWAK,Samarahan,12:00PM,357.0,2026-09-01
SARAWAK,Samarahan,11:00AM,365.0,2026-09-01
SARAWAK,Samarahan,10:00AM,369.0,2026-09-01
SARAWAK,Samarahan,09:00AM,371.0,2026-09-01
SARAWAK,Samarahan,08:00AM,372.0,2026-09-01
SARAWAK,Samarahan,07:00AM,370.0,2026-09-01
SARAWAK,Samarahan,06:00AM,369.0,2026-09-01
SARAWAK,Samarahan,05:00AM,368.0,2026-09-01
SARAWAK,Samarahan,04:00AM,366.0,2026-09-01
SARAWAK,Samarahan,03:00AM,364.0,2026-09-01
SARAWAK,Samarahan,02:00AM,363.0,2026-09-01
SARAWAK,Kuching,01:00AM,336.0,2026-09-02
SARAWAK,Kuching,12:00AM,334.0,2026-09-02
SARAWAK,Kuching,11:00PM,333.0,2026-09-01
SARAWAK,Kuching,10:00PM,332.0,2026-09-01
SARAWAK,Kuching,09:00PM,335.0,2026-09-01
SARAWAK,Kuching,08:00PM,338.0,2026-09-01
SARAWAK,Kuching,07:00PM,342.0,2026-09-01
SARAWAK,Kuching,06:00PM,346.0,2026-09-01
SARAWAK,Kuching,05:00PM,351.0,2026-09-01
SARAWAK,Kuching,04:00PM,357.0,2026-09-01
SARAWAK,Kuching,03:00PM,363.0,2026-09-01
SARAWAK,Kuching,02:00PM,374.0,2026-09-01
SARAWAK,Kuching,01:00PM,382.0,2026-09-01
SARAWAK,Kuching,12:00PM,389.0,2026-09-01
SARAWAK,Kuching,11:00AM,394.0,2026-09-01
SARAWAK,Kuching,10:00AM,398.0,2026-09-01
SARAWAK,Kuching,09:00AM,402.0,2026-09-01
SARAWAK,Kuching,08:00AM,407.0,2026-09-01
SARAWAK,Kuching,07:00AM,407.0,2026-09-01
SARAWAK,Kuching,06:00AM,405.0,2026-09-01
SARAWAK,Kuching,05:00AM,402.0,2026-09-01
SARAWAK,Kuching,04:00AM,398.0,2026-09-01
SARAWAK,Kuching,03:00AM,394.0,2026-09-01
SARAWAK,Kuching,02:00AM,392.0,2026-09-01
JOHOR,Tangkak,01:00AM,84.0,2026-09-02
JOHOR,Tangkak,12:00AM,84.0,2026-09-02
JOHOR,Tangkak,11:00PM,83.0,2026-09-01
JOHOR,Tangkak,10:00PM,83.0,2026-09-01
JOHOR,Tangkak,09:00PM,82.0,2026-09-01
JOHOR,Tangkak,08:00PM,82.0,2026-09-01
JOHOR,Tangkak,07:00PM,81.0,2026-09-01
JOHOR,Tangkak,06:00PM,81.0,2026-09-01
JOHOR,Tangkak,05:00PM,80.0,2026-09-01
JOHOR,Tangkak,04:00PM,79.0,2026-09-01
JOHOR,Tangkak,03:00PM,79.0,2026-09-01
JOHOR,Tangkak,02:00PM,78.0,2026-09-01
JOHOR,Tangkak,01:00PM,77.0,2026-09-01
JOHOR,Tangkak,12:00PM,77.0,2026-09-01
JOHOR,Tangkak,11:00AM,75.0,2026-09-01
JOHOR,Tangkak,10:00AM,74.0,2026-09-01
JOHOR,Tangkak,09:00AM,73.0,2026-09-01
JOHOR,Tangkak,08:00AM,72.0,2026-09-01
JOHOR,Tangkak,07:00AM,71.0,2026-09-01
JOHOR,Tangkak,06:00AM,70.0,2026-09-01
JOHOR,Tangkak,05:00AM,69.0,2026-09-01
JOHOR,Tangkak,04:00AM,68.0,2026-09-01
JOHOR,Tangkak,03:00AM,67.0,2026-09-01
JOHOR,Tangkak,02:00AM,67.0,2026-09-01
Selangor,JOHAN SETIA,01:00AM,160.0,2026-09-02
Selangor,JOHAN SETIA,12:00AM,160.0,2026-09-02
Selangor,JOHAN SETIA,11:00PM,160.0,2026-09-01
Selangor,JOHAN SETIA,10:00PM,160.0,2026-09-01
Selangor,JOHAN SETIA,09:00PM,160.0,2026-09-01
Selangor,JOHAN SETIA,08:00PM,159.0,2026-09-01
Selangor,JOHAN SETIA,07:00PM,158.0,2026-09-01
Selangor,JOHAN SETIA,06:00PM,157.0,2026-09-01
Selangor,JOHAN SETIA,05:00PM,156.0,2026-09-01
Selangor,JOHAN SETIA,04:00PM,155.0,2026-09-01
Selangor,JOHAN SETIA,03:00PM,155.0,2026-09-01
Selangor,JOHAN SETIA,02:00PM,154.0,2026-09-01
Selangor,JOHAN SETIA,01:00PM,153.0,2026-09-01
Selangor,JOHAN SETIA,12:00PM,153.0,2026-09-01
Selangor,JOHAN SETIA,11:00AM,152.0,2026-09-01
Selangor,JOHAN SETIA,10:00AM,151.0,2026-09-01
Selangor,JOHAN SETIA,09:00AM,140.0,2026-09-01
Selangor,JOHAN SETIA,08:00AM,123.0,2026-09-01
Selangor,JOHAN SETIA,07:00AM,100.0,2026-09-01
Selangor,JOHAN SETIA,06:00AM,98.0,2026-09-01
Selangor,JOHAN SETIA,05:00AM,96.0,2026-09-01
Selangor,JOHAN SETIA,04:00AM,92.0,2026-09-01
Selangor,JOHAN SETIA,03:00AM,86.0,2026-09-01
Selangor,JOHAN SETIA,02:00AM,83.0,2026-09-01
Sarawak,IPD Serian,01:00AM,344.0,2026-09-02
Sarawak,IPD Serian,12:00AM,344.0,2026-09-02
Sarawak,IPD Serian,11:00PM,346.0,2026-09-01
Sarawak,IPD Serian,10:00PM,351.0,2026-09-01
Sarawak,IPD Serian,09:00PM,357.0,2026-09-01
Sarawak,IPD Serian,08:00PM,364.0,2026-09-01
Sarawak,IPD Serian,07:00PM,369.0,2026-09-01
Sarawak,IPD Serian,06:00PM,374.0,2026-09-01
Sarawak,IPD Serian,05:00PM,377.0,2026-09-01
Sarawak,IPD Serian,04:00PM,381.0,2026-09-01
Sarawak,IPD Serian,03:00PM,388.0,2026-09-01
Sarawak,IPD Serian,02:00PM,389.0,2026-09-01
Sarawak,IPD Serian,01:00PM,390.0,2026-09-01
Sarawak,IPD Serian,12:00PM,396.0,2026-09-01
Sarawak,IPD Serian,11:00AM,404.0,2026-09-01
Sarawak,IPD Serian,10:00AM,406.0,2026-09-01
Sarawak,IPD Serian,09:00AM,408.0,2026-09-01
Sarawak,IPD Serian,08:00AM,408.0,2026-09-01
Sarawak,IPD Serian,07:00AM,411.0,2026-09-01
Sarawak,IPD Serian,06:00AM,415.0,2026-09-01
Sarawak,IPD Serian,05:00AM,419.0,2026-09-01
Sarawak,IPD Serian,04:00AM,422.0,2026-09-01
Sarawak,IPD Serian,03:00AM,423.0,2026-09-01
Sarawak,IPD Serian,02:00AM,423.0,2026-09-01
Sabah,Politeknik Kota Kinabalu,01:00AM,176.0,2026-09-02
Sabah,Politeknik Kota Kinabalu,12:00AM,174.0,2026-09-02
Sabah,Politeknik Kota Kinabalu,11:00PM,171.0,2026-09-01
Sabah,Politeknik Kota Kinabalu,10:00PM,169.0,2026-09-01
Sabah,Politeknik Kota Kinabalu,09:00PM,167.0,2026-09-01
Sabah,Politeknik Kota Kinabalu,08:00PM,165.0,2026-09-01
Sabah,Politeknik Kota Kinabalu,07:00PM,163.0,2026-09-01
Sabah,Politeknik Kota Kinabalu,06:00PM,161.0,2026-09-01
Sabah,Politeknik Kota Kinabalu,05:00PM,159.0,2026-09-01
Sabah,Politeknik Kota Kinabalu,04:00PM,158.0,2026-09-01
Sabah,Politeknik Kota Kinabalu,03:00PM,156.0,2026-09-01
Sabah,Politeknik Kota Kinabalu,02:00PM,154.0,2026-09-01
Sabah,Politeknik Kota Kinabalu,01:00PM,152.0,2026-09-01
Sabah,Politeknik Kota Kinabalu,12:00PM,133.0,2026-09-01
Sabah,Politeknik Kota Kinabalu,11:00AM,99.0,2026-09-01
Sabah,Politeknik Kota Kinabalu,10:00AM,95.0,2026-09-01
Sabah,Politeknik Kota Kinabalu,09:00AM,93.0,2026-09-01
Sabah,Politeknik Kota Kinabalu,08:00AM,92.0,2026-09-01
Sabah,Politeknik Kota Kinabalu,07:00AM,89.0,2026-09-01
Sabah,Politeknik Kota Kinabalu,06:00AM,87.0,2026-09-01
Sabah,Politeknik Kota Kinabalu,05:00AM,86.0,2026-09-01
Sabah,Politeknik Kota Kinabalu,04:00AM,87.0,2026-09-01
Sabah,Politeknik Kota Kinabalu,03:00AM,86.0,2026-09-01
Sabah,Politeknik Kota Kinabalu,02:00AM,86.0,2026-09-01
