date,price_rm_per_g,price_usd_per_oz,usd_myr_rate,pawnshop_sell_rm_per_g,pawnshop_buy_rm_per_g,pawnshop_spread_pct,pawnshop_rate_source,daily_change_rm,daily_change_pct,ma_7d,ma_30d,high_30d,low_30d,pct_from_30d_high
2026-03-30,584.6032,4526.0,4.0175,588.9185,613.5283,4.2097,BNM Kijang Emas (2026-09-29),,,584.6032,584.6032,584.6032,584.6032,0.0
2026-03-30,586.4221,4526.0,4.03,590.7509,615.4373,4.2097,BNM Kijang Emas (2026-09-29),1.819,0.3111,585.5127,585.5127,586.4221,584.6032,0.0
2026-03-31,602.1775,4647.6001,4.03,606.6226,631.9722,4.2097,BNM Kijang Emas (2026-09-29),15.7554,2.6867,591.0676,591.0676,602.1775,584.6032,0.0
2026-03-31,604.643,4647.6001,4.0465,609.1063,634.5597,4.2097,BNM Kijang Emas (2026-09-29),2.4655,0.4094,594.4615,594.4615,604.643,584.6032,0.0
2026-04-01,626.1742,4813.1001,4.0465,630.7965,657.1563,4.2097,BNM Kijang Emas (2026-09-29),21.5312,3.561,600.804,600.804,626.1742,584.6032,0.0
2026-04-01,622.7698,4813.1001,4.0245,627.3669,653.5834,4.2097,BNM Kijang Emas (2026-09-29),-3.4044,-0.5437,604.465,604.465,626.1742,584.6032,-0.5437
2026-04-02,605.5091,4679.7002,4.0245,609.9788,635.4687,4.2097,BNM Kijang Emas (2026-09-29),-17.2607,-2.7716,604.6142,604.6142,626.1742,584.6032,-3.3002
2026-04-02,607.2393,4679.7002,4.036,611.7218,637.2845,4.2097,BNM Kijang Emas (2026-09-29),1.7302,0.2857,607.8479,604.9423,626.1742,584.6032,-3.0239
2026-04-05,606.111,4679.7002,4.0285,610.5851,636.1003,4.2097,BNM Kijang Emas (2026-09-29),-1.1284,-0.1858,610.6606,605.0722,626.1742,584.6032,-3.2041
2026-04-06,606.7586,4684.7002,4.0285,611.2375,636.7799,4.2097,BNM Kijang Emas (2026-09-29),0.6476,0.1068,611.315,605.2408,626.1742,584.6032,-3.1007
2026-04-06,606.2314,4684.7002,4.025,610.7064,636.2267,4.2097,BNM Kijang Emas (2026-09-29),-0.5272,-0.0869,611.5419,605.3309,626.1742,584.6032,-3.1849
2026-04-07,606.2314,4684.7002,4.025,610.7064,636.2267,4.2097,BNM Kijang Emas (2026-09-29),0.0,0.0,608.6929,605.4059,626.1742,584.6032,-3.1849
2026-04-07,606.7586,4684.7002,4.0285,611.2375,636.7799,4.2097,BNM Kijang Emas (2026-09-29),0.5272,0.087,606.4056,605.5099,626.1742,584.6032,-3.1007
2026-04-08,618.7391,4777.2002,4.0285,623.3064,649.3532,4.2097,BNM Kijang Emas (2026-09-29),11.9805,1.9745,608.2956,606.4549,626.1742,584.6032,-1.1874
2026-04-08,610.7524,4777.2002,3.9765,615.2608,640.9713,4.2097,BNM Kijang Emas (2026-09-29),-7.9867,-1.2908,608.7975,606.7414,626.1742,584.6032,-2.4629
2026-04-09,615.9685,4818.0,3.9765,620.5154,646.4456,4.2097,BNM Kijang Emas (2026-09-29),5.2161,0.8541,610.2057,607.3181,626.1742,584.6032,-1.6299
2026-04-09,616.5881,4818.0,3.9805,621.1396,647.0958,4.2097,BNM Kijang Emas (2026-09-29),0.6196,0.1006,611.6099,607.8634,626.1742,584.6032,-1.5309
2026-04-10,612.6721,4787.3999,3.9805,617.1946,642.986,4.2097,BNM Kijang Emas (2026-09-29),-3.9161,-0.6351,612.53,608.1305,626.1742,584.6032,-2.1563
2026-04-12,612.2103,4787.3999,3.9775,616.7295,642.5014,4.2097,BNM Kijang Emas (2026-09-29),-0.4618,-0.0754,613.3842,608.3453,626.1742,584.6032,-2.23
2026-04-13,609.6527,4767.3999,3.9775,614.153,639.8173,4.2097,BNM Kijang Emas (2026-09-29),-2.5576,-0.4178,613.7976,608.4106,626.1742,584.6032,-2.6385
2026-04-13,608.963,4767.3999,3.973,613.4582,639.0934,4.2097,BNM Kijang Emas (2026-09-29),-0.6897,-0.1131,612.401,608.4369,626.1742,584.6032,-2.7486
2026-04-14,619.5267,4850.1001,3.973,624.0998,650.1798,4.2097,BNM Kijang Emas (2026-09-29),10.5637,1.7347,613.6545,608.941,626.1742,584.6032,-1.0616
2026-04-14,614.7707,4850.1001,3.9425,619.3087,645.1885,4.2097,BNM Kijang Emas (2026-09-29),-4.756,-0.7677,613.4834,609.1945,626.1742,584.6032,-1.8211
2026-04-15,611.4117,4823.6001,3.9425,615.925,641.6633,4.2097,BNM Kijang Emas (2026-09-29),-3.359,-0.5464,612.7439,609.2869,626.1742,584.6032,-2.3576
2026-04-15,612.9625,4823.6001,3.9525,617.4872,643.2908,4.2097,BNM Kijang Emas (2026-09-29),1.5508,0.2536,612.7854,609.4339,626.1742,584.6032,-2.1099
2026-04-16,611.0182,4808.2998,3.9525,615.5286,641.2503,4.2097,BNM Kijang Emas (2026-09-29),-1.9443,-0.3172,612.6151,609.4948,626.1742,584.6032,-2.4204
2026-04-16,610.8636,4808.2998,3.9515,615.3728,641.0881,4.2097,BNM Kijang Emas (2026-09-29),-0.1546,-0.0253,612.7881,609.5455,626.1742,584.6032,-2.4451
2026-04-17,619.9219,4879.6001,3.9515,624.4979,650.5945,4.2097,BNM Kijang Emas (2026-09-29),9.0582,1.4829,614.3536,609.9161,626.1742,584.6032,-0.9985
2026-04-19,619.6866,4879.6001,3.95,624.2609,650.3476,4.2097,BNM Kijang Emas (2026-09-29),-0.2353,-0.038,614.3765,610.253,626.1742,584.6032,-1.0361
2026-04-20,613.2351,4828.7998,3.95,617.7619,643.577,4.2097,BNM Kijang Emas (2026-09-29),-6.4514,-1.0411,614.1571,610.3524,626.1742,584.6032,-2.0664
2026-04-20,612.4589,4828.7998,3.945,616.9799,642.7623,4.2097,BNM Kijang Emas (2026-09-29),-0.7763,-0.1266,614.3067,611.2809,626.1742,586.4221,-2.1903
2026-04-21,598.6086,4719.6001,3.945,603.0273,628.2267,4.2097,BNM Kijang Emas (2026-09-29),-13.8503,-2.2614,612.2561,611.6872,626.1742,598.6086,-4.4022
2026-04-21,599.7466,4719.6001,3.9525,604.1738,629.4211,4.2097,BNM Kijang Emas (2026-09-29),1.1381,0.1901,610.6459,611.6061,626.1742,598.6086,-4.2205
2026-04-22,603.991,4753.0,3.9525,608.4494,633.8754,4.2097,BNM Kijang Emas (2026-09-29),4.2443,0.7077,609.6641,611.5844,626.1742,598.6086,-3.5427
2026-04-22,604.373,4753.0,3.955,608.8343,634.2763,4.2097,BNM Kijang Emas (2026-09-29),0.382,0.0632,607.4428,610.8577,622.7698,598.6086,-2.954
2026-04-23,600.6854,4724.0,3.955,605.1195,630.4063,4.2097,BNM Kijang Emas (2026-09-29),-3.6875,-0.6101,604.7284,610.1215,619.9219,598.6086,-3.103
2026-04-23,601.5967,4724.0,3.961,606.0375,631.3627,4.2097,BNM Kijang Emas (2026-09-29),0.9113,0.1517,603.0657,609.9911,619.9219,598.6086,-2.956
2026-04-24,603.7489,4740.8999,3.961,608.2056,633.6214,4.2097,BNM Kijang Emas (2026-09-29),2.1522,0.3577,601.8215,609.8748,619.9219,598.6086,-2.6089
2026-04-26,603.9776,4740.8999,3.9625,608.436,633.8613,4.2097,BNM Kijang Emas (2026-09-29),0.2287,0.0379,602.5885,609.8037,619.9219,598.6086,-2.572
2026-04-27,597.9645,4693.7002,3.9625,602.3785,627.5507,4.2097,BNM Kijang Emas (2026-09-29),-6.0131,-0.9956,602.3339,609.5105,619.9219,597.9645,-3.542
2026-04-27,596.1988,4693.7002,3.9508,600.5998,625.6977,4.2097,BNM Kijang Emas (2026-09-29),-1.7656,-0.2953,601.2207,609.1761,619.9219,596.1988,-3.8268
2026-04-28,585.3639,4608.3999,3.9508,589.6849,614.3267,4.2097,BNM Kijang Emas (2026-09-29),-10.8349,-1.8173,598.5051,608.4805,619.9219,585.3639,-5.5746
2026-04-28,585.2454,4608.3999,3.95,589.5655,614.2023,4.2097,BNM Kijang Emas (2026-09-29),-0.1185,-0.0202,596.2994,607.7634,619.9219,585.2454,-5.5937
2026-04-29,579.2893,4561.5,3.95,583.5655,607.9515,4.2097,BNM Kijang Emas (2026-09-29),-5.9561,-1.0177,593.1126,606.4484,619.9219,579.2893,-6.5545
2026-04-29,579.3333,4561.5,3.9503,583.6098,607.9977,4.2097,BNM Kijang Emas (2026-09-29),0.044,0.0076,589.6247,605.4011,619.9219,579.2893,-6.5474
2026-04-30,587.9824,4629.6001,3.9503,592.3227,617.0747,4.2097,BNM Kijang Emas (2026-09-29),8.6491,1.4929,587.3396,604.4682,619.9219,579.2893,-5.1522
2026-04-30,590.5425,4629.6001,3.9675,594.9017,619.7615,4.2097,BNM Kijang Emas (2026-09-29),2.5601,0.4354,586.2794,603.6001,619.9219,579.2893,-4.7392
2026-05-01,592.4431,4644.5,3.9675,596.8163,621.7561,4.2097,BNM Kijang Emas (2026-09-29),1.9006,0.3218,585.7428,602.9258,619.9219,579.2893,-4.4326
2026-05-03,592.4431,4644.5,3.9675,596.8163,621.7561,4.2097,BNM Kijang Emas (2026-09-29),0.0,0.0,586.7541,602.2669,619.9219,579.2893,-4.4326
2026-05-04,578.2586,4533.2998,3.9675,582.5272,606.8698,4.2097,BNM Kijang Emas (2026-09-29),-14.1845,-2.3942,585.756,601.2204,619.9219,578.2586,-6.7207
2026-05-04,575.7809,4533.2998,3.9505,580.0311,604.2695,4.2097,BNM Kijang Emas (2026-09-29),-2.4777,-0.4285,585.2548,600.1143,619.9219,575.7809,-7.1204
2026-05-05,580.2517,4568.5,3.9505,584.535,608.9616,4.2097,BNM Kijang Emas (2026-09-29),4.4708,0.7765,585.386,598.8051,619.9219,575.7809,-6.3992
2026-05-05,581.6471,4568.5,3.96,585.9406,610.426,4.2097,BNM Kijang Emas (2026-09-29),1.3954,0.2405,584.481,597.701,619.9219,575.7809,-6.1741
2026-05-06,597.6635,4694.2998,3.96,602.0753,627.2349,4.2097,BNM Kijang Emas (2026-09-29),16.0164,2.7536,585.4983,597.2428,619.9219,575.7809,-3.5905
2026-05-06,592.0038,4694.2998,3.9225,596.3738,621.2951,4.2097,BNM Kijang Emas (2026-09-29),-5.6597,-0.947,585.4355,596.5441,619.9219,575.7809,-4.5035
2026-05-07,594.0973,4710.8999,3.9225,598.4827,623.4922,4.2097,BNM Kijang Emas (2026-09-29),2.0935,0.3536,585.6718,595.9801,619.9219,575.7809,-4.1658
2026-05-07,591.8254,4710.8999,3.9075,596.1941,621.1079,4.2097,BNM Kijang Emas (2026-09-29),-2.2719,-0.3824,587.61,595.3455,619.9219,575.7809,-4.5323
2026-05-08,594.3129,4730.7002,3.9075,598.6999,623.7185,4.2097,BNM Kijang Emas (2026-09-29),2.4875,0.4203,590.2574,594.4919,619.6866,575.7809,-4.0946
2026-05-10,595.6818,4730.7002,3.9165,600.0789,625.1551,4.2097,BNM Kijang Emas (2026-09-29),1.3689,0.2303,592.4617,593.6917,613.2351,575.7809,-2.8624
2026-05-11,595.4299,4728.7002,3.9165,599.8252,624.8908,4.2097,BNM Kijang Emas (2026-09-29),-0.2518,-0.0423,594.4307,593.0982,612.4589,575.7809,-2.7804
2026-05-11,595.962,4728.7002,3.92,600.3613,625.4492,4.2097,BNM Kijang Emas (2026-09-29),0.5321,0.0894,594.1876,592.5483,604.373,575.7809,-1.3917
2026-05-12,590.6687,4686.7002,3.92,595.0289,619.894,4.2097,BNM Kijang Emas (2026-09-29),-5.2933,-0.8882,593.9969,592.2836,604.373,575.7809,-2.2675
2026-05-12,592.4016,4686.7002,3.9315,596.7745,621.7125,4.2097,BNM Kijang Emas (2026-09-29),1.7328,0.2934,593.7546,592.0388,604.373,575.7809,-1.9808
2026-05-13,594.9296,4706.7002,3.9315,599.3212,624.3656,4.2097,BNM Kijang Emas (2026-09-29),2.528,0.4267,594.1981,591.7368,604.373,575.7809,-1.5625
2026-05-13,594.3999,4706.7002,3.928,598.7876,623.8098,4.2097,BNM Kijang Emas (2026-09-29),-0.5296,-0.089,594.2105,591.4043,603.9776,575.7809,-1.5858
2026-05-14,591.6973,4685.2998,3.928,596.0651,620.9735,4.2097,BNM Kijang Emas (2026-09-29),-2.7026,-0.4547,593.6413,591.1047,603.9776,575.7809,-2.0332
2026-05-14,591.8479,4685.2998,3.929,596.2168,621.1315,4.2097,BNM Kijang Emas (2026-09-29),0.1506,0.0255,593.1296,590.7798,603.9776,575.7809,-2.0083
2026-05-15,576.26,4561.8999,3.929,580.5138,604.7724,4.2097,BNM Kijang Emas (2026-09-29),-15.5879,-2.6338,590.315,589.8635,603.9776,575.7809,-4.5892
2026-05-17,578.9147,4561.8999,3.9471,583.1881,607.5584,4.2097,BNM Kijang Emas (2026-09-29),2.6547,0.4607,588.6359,589.028,597.9645,575.7809,-3.1858
2026-05-18,578.4198,4558.0,3.9471,582.6896,607.039,4.2097,BNM Kijang Emas (2026-09-29),-0.4949,-0.0855,586.6385,588.3765,597.6635,575.7809,-3.2198
2026-05-18,582.2446,4558.0,3.9732,586.5426,611.0531,4.2097,BNM Kijang Emas (2026-09-29),3.8248,0.6612,584.8264,587.9114,597.6635,575.7809,-2.5799
2026-05-19,576.2664,4511.2002,3.9732,580.5202,604.779,4.2097,BNM Kijang Emas (2026-09-29),-5.9783,-1.0268,582.2358,587.6082,597.6635,575.7809,-3.5801
2026-05-19,576.6,4511.2002,3.9755,580.8563,605.1291,4.2097,BNM Kijang Emas (2026-09-29),0.3336,0.0579,580.0791,587.32,597.6635,575.7809,-3.5243
2026-05-20,579.6803,4535.2998,3.9755,583.9593,608.3618,4.2097,BNM Kijang Emas (2026-09-29),3.0803,0.5342,578.3408,587.333,597.6635,575.7809,-3.0089
2026-05-20,578.3971,4535.2998,3.9667,582.6667,607.0152,4.2097,BNM Kijang Emas (2026-09-29),-1.2832,-0.2214,578.6461,587.3018,597.6635,575.7809,-3.2236
2026-05-21,579.3154,4542.5,3.9667,583.5917,607.9789,4.2097,BNM Kijang Emas (2026-09-29),0.9183,0.1588,578.7034,587.0129,597.6635,575.7809,-3.07
2026-05-21,578.2054,4542.5,3.9591,582.4735,606.814,4.2097,BNM Kijang Emas (2026-09-29),-1.1099,-0.1916,578.6727,586.6017,597.6635,575.7809,-3.2557
2026-05-22,575.7488,4523.2002,3.9591,579.9988,604.2358,4.2097,BNM Kijang Emas (2026-09-29),-2.4566,-0.4249,577.7447,586.0452,597.6635,575.7488,-3.6667
2026-05-24,576.6649,4523.2002,3.9654,580.9217,605.1973,4.2097,BNM Kijang Emas (2026-09-29),0.9162,0.1591,577.8017,585.5192,597.6635,575.7488,-3.5134
2026-05-25,574.4399,4523.2002,3.9501,578.6803,602.8622,4.2097,BNM Kijang Emas (2026-09-29),-2.225,-0.3858,577.4931,585.392,597.6635,574.4399,-3.8857
2026-05-26,571.7856,4502.2998,3.9501,576.0064,600.0766,4.2097,BNM Kijang Emas (2026-09-29),-2.6543,-0.4621,576.3653,585.2588,597.6635,571.7856,-4.3298
2026-05-26,573.5227,4502.2998,3.9621,577.7562,601.8996,4.2097,BNM Kijang Emas (2026-09-29),1.737,0.3038,575.669,585.0345,597.6635,571.7856,-4.0392
2026-05-27,566.6567,4448.3999,3.9621,570.8396,594.6938,4.2097,BNM Kijang Emas (2026-09-29),-6.866,-1.1972,573.8606,584.5348,597.6635,566.6567,-5.188
2026-05-27,567.0857,4448.3999,3.9651,571.2718,595.1441,4.2097,BNM Kijang Emas (2026-09-29),0.4291,0.0757,572.272,583.5155,595.962,566.6567,-4.8453
2026-05-28,573.5745,4499.2998,3.9651,577.8084,601.9539,4.2097,BNM Kijang Emas (2026-09-29),6.4888,1.1442,571.9614,582.9012,595.962,566.6567,-3.7565
2026-05-28,575.1367,4499.2998,3.9759,579.3822,603.5935,4.2097,BNM Kijang Emas (2026-09-29),1.5623,0.2724,571.7431,582.2692,595.962,566.6567,-3.4944
2026-05-29,587.1143,4593.0,3.9759,591.4482,616.1637,4.2097,BNM Kijang Emas (2026-09-29),11.9775,2.0826,573.5537,582.1122,595.962,566.6567,-1.4846
2026-05-31,585.9477,4593.0,3.968,590.273,614.9394,4.2097,BNM Kijang Emas (2026-09-29),-1.1666,-0.1987,575.5769,581.8333,595.962,566.6567,-1.6804
2026-06-01,574.887,4506.2998,3.968,579.1306,603.3314,4.2097,BNM Kijang Emas (2026-09-29),-11.0607,-1.8877,575.7718,581.1402,595.962,566.6567,-3.5363
2026-06-01,574.0612,4506.2998,3.9623,578.2987,602.4647,4.2097,BNM Kijang Emas (2026-09-29),-0.8258,-0.1436,576.8296,580.4279,595.962,566.6567,-3.6749
2026-06-02,575.7937,4519.8999,3.9623,580.044,604.283,4.2097,BNM Kijang Emas (2026-09-29),1.7325,0.3018,578.0736,579.7556,594.9296,566.6567,-3.2165
2026-06-02,576.5494,4519.8999,3.9675,580.8053,605.076,4.2097,BNM Kijang Emas (2026-09-29),0.7556,0.1312,578.4986,579.285,594.9296,566.6567,-3.0895
2026-06-03,569.7888,4466.8999,3.9675,573.9948,597.9809,4.2097,BNM Kijang Emas (2026-09-29),-6.7606,-1.1726,577.7346,578.5312,594.9296,566.6567,-4.2258
2026-06-03,573.6089,4466.8999,3.9941,577.8431,601.9901,4.2097,BNM Kijang Emas (2026-09-29),3.8202,0.6705,575.8052,577.8205,594.3999,566.6567,-3.4978
2026-06-04,578.5015,4505.0,3.9941,582.7718,607.1247,4.2097,BNM Kijang Emas (2026-09-29),4.8926,0.8529,574.7415,577.2906,591.8479,566.6567,-2.255
2026-06-04,581.0072,4505.0,4.0114,585.296,609.7544,4.2097,BNM Kijang Emas (2026-09-29),2.5057,0.4331,575.6158,576.9342,591.8479,566.6567,-1.8317
2026-06-05,562.9902,4365.2998,4.0114,567.146,590.8459,4.2097,BNM Kijang Emas (2026-09-29),-18.0171,-3.101,574.0342,575.9723,587.1143,562.9902,-4.1089
2026-06-07,567.8883,4365.2998,4.0463,572.0802,595.9864,4.2097,BNM Kijang Emas (2026-09-29),4.8981,0.87,572.9049,575.6932,587.1143,562.9902,-3.2747
2026-06-08,567.6411,4363.3999,4.0463,571.8313,595.727,4.2097,BNM Kijang Emas (2026-09-29),-0.2472,-0.0435,571.6323,575.3175,587.1143,562.9902,-3.3168
2026-06-08,569.535,4363.3999,4.0598,573.7391,597.7146,4.2097,BNM Kijang Emas (2026-09-29),1.8939,0.3336,571.596,575.0213,587.1143,562.9902,-2.9942
2026-06-09,559.4845,4286.3999,4.0598,563.6145,587.1668,4.2097,BNM Kijang Emas (2026-09-29),-10.0505,-1.7647,569.5782,574.2626,587.1143,559.4845,-4.706
2026-06-09,559.4569,4286.3999,4.0596,563.5867,587.1379,4.2097,BNM Kijang Emas (2026-09-29),-0.0276,-0.0049,566.8576,573.7023,587.1143,559.4569,-4.7107
2026-06-10,539.4744,4133.2998,4.0596,543.4567,566.1667,4.2097,BNM Kijang Emas (2026-09-29),-19.9825,-3.5718,560.9243,572.4648,587.1143,539.4744,-8.1142
2026-06-10,540.418,4133.2998,4.0667,544.4072,567.1569,4.2097,BNM Kijang Emas (2026-09-29),0.9435,0.1749,557.6997,571.156,587.1143,539.4744,-7.9535
2026-06-11,537.8946,4114.0,4.0667,541.8651,564.5087,4.2097,BNM Kijang Emas (2026-09-29),-2.5234,-0.4669,553.4149,569.806,587.1143,537.8946,-8.3833
2026-06-11,537.5904,4114.0,4.0644,541.5587,564.1894,4.2097,BNM Kijang Emas (2026-09-29),-0.3042,-0.0566,549.122,568.4151,587.1143,537.5904,-8.4351
2026-06-12,553.8984,4238.7998,4.0644,557.9871,581.3043,4.2097,BNM Kijang Emas (2026-09-29),16.308,3.0335,546.8882,567.6049,587.1143,537.5904,-5.6575
2026-06-14,551.3772,4238.7998,4.0459,555.4473,578.6583,4.2097,BNM Kijang Emas (2026-09-29),-2.5212,-0.4552,545.73,566.7925,587.1143,537.5904,-6.0869
2026-06-15,566.0501,4351.6001,4.0459,570.2285,594.0572,4.2097,BNM Kijang Emas (2026-09-29),14.6729,2.6611,546.6719,566.4387,587.1143,537.5904,-3.5878
2026-06-15,566.3019,4351.6001,4.0477,570.4822,594.3215,4.2097,BNM Kijang Emas (2026-09-29),0.2518,0.0445,550.5044,566.1674,587.1143,537.5904,-3.5449
2026-06-16,566.6663,4354.3999,4.0477,570.8492,594.7039,4.2097,BNM Kijang Emas (2026-09-29),0.3644,0.0643,554.2541,565.9968,587.1143,537.5904,-3.4828
2026-06-16,569.2842,4354.3999,4.0664,573.4865,597.4514,4.2097,BNM Kijang Emas (2026-09-29),2.618,0.462,558.7383,565.8555,587.1143,537.5904,-3.0369
2026-06-17,572.8141,4381.3999,4.0664,577.0425,601.156,4.2097,BNM Kijang Emas (2026-09-29),3.5299,0.6201,563.7703,566.0607,587.1143,537.5904,-2.4357
2026-06-17,574.3777,4381.3999,4.0775,578.6176,602.7969,4.2097,BNM Kijang Emas (2026-09-29),1.5636,0.273,566.6959,566.3038,587.1143,537.5904,-2.1693
2026-06-18,556.6144,4245.8999,4.0775,560.7232,584.1547,4.2097,BNM Kijang Emas (2026-09-29),-17.7633,-3.0926,567.4441,565.7385,587.1143,537.5904,-5.1949
2026-06-18,561.7335,4245.8999,4.115,565.88,589.5271,4.2097,BNM Kijang Emas (2026-09-29),5.1191,0.9197,566.8275,565.2917,587.1143,537.5904,-4.323
2026-06-21,564.5047,4245.8999,4.1353,568.6717,592.4354,4.2097,BNM Kijang Emas (2026-09-29),2.7712,0.4933,566.5707,564.538,585.9477,537.5904,-3.6595
2026-06-22,558.7611,4202.7002,4.1353,562.8857,586.4077,4.2097,BNM Kijang Emas (2026-09-29),-5.7435,-1.0174,565.4414,563.6318,581.0072,537.5904,-3.8289
2026-06-22,560.2879,4202.7002,4.1466,564.4238,588.01,4.2097,BNM Kijang Emas (2026-09-29),1.5268,0.2732,564.1562,563.1452,581.0072,537.5904,-3.5661
2026-06-23,553.1821,4149.3999,4.1466,557.2656,580.5526,4.2097,BNM Kijang Emas (2026-09-29),-7.1058,-1.2682,561.3516,562.4492,581.0072,537.5904,-4.7891
2026-06-23,552.0082,4149.3999,4.1378,556.083,579.3206,4.2097,BNM Kijang Emas (2026-09-29),-1.1739,-0.2122,558.156,561.6564,581.0072,537.5904,-4.9912
2026-06-24,533.3038,4008.8,4.1378,537.2405,559.6907,4.2097,BNM Kijang Emas (2026-09-29),-18.7045,-3.3884,554.8259,560.2148,581.0072,533.3038,-8.2105
2026-06-24,532.9686,4008.8,4.1352,536.9029,559.339,4.2097,BNM Kijang Emas (2026-09-29),-0.3351,-0.0628,550.7166,558.9875,581.0072,532.9686,-8.2682
2026-06-25,538.1271,4047.6001,4.1352,542.0994,564.7527,4.2097,BNM Kijang Emas (2026-09-29),5.1585,0.9679,546.9484,557.8048,581.0072,532.9686,-7.3803
2026-06-25,535.6806,4047.6001,4.1164,539.6348,562.1851,4.2097,BNM Kijang Emas (2026-09-29),-2.4465,-0.4546,543.6512,556.3774,581.0072,532.9686,-7.8014
2026-06-26,542.1257,4096.2998,4.1164,546.1275,568.9492,4.2097,BNM Kijang Emas (2026-09-29),6.4452,1.2032,541.0566,555.0814,574.3777,532.9686,-5.6151
2026-06-28,538.0562,4096.2998,4.0855,542.028,564.6783,4.2097,BNM Kijang Emas (2026-09-29),-4.0695,-0.7507,538.8957,554.2502,574.3777,532.9686,-6.3236
2026-06-29,530.5166,4038.8999,4.0855,534.4328,556.7657,4.2097,BNM Kijang Emas (2026-09-29),-7.5396,-1.4013,535.8255,553.0045,574.3777,530.5166,-7.6363
2026-06-29,528.3092,4038.8999,4.0685,532.209,554.449,4.2097,BNM Kijang Emas (2026-09-29),-2.2075,-0.4161,535.112,551.6934,574.3777,528.3092,-8.0206
2026-06-30,528.2569,4038.5,4.0685,532.1563,554.3941,4.2097,BNM Kijang Emas (2026-09-29),-0.0523,-0.0099,534.4389,550.3175,574.3777,528.2569,-8.0297
2026-06-30,530.0357,4038.5,4.0822,533.9483,556.2609,4.2097,BNM Kijang Emas (2026-09-29),1.7788,0.3367,533.283,549.3359,574.3777,528.2569,-7.72
2026-07-01,535.7974,4082.3999,4.0822,539.7525,562.3077,4.2097,BNM Kijang Emas (2026-09-29),5.7617,1.087,533.2997,548.5472,574.3777,528.2569,-6.7169
2026-07-01,536.493,4082.3999,4.0875,540.4532,563.0377,4.2097,BNM Kijang Emas (2026-09-29),0.6956,0.1298,532.495,548.4479,574.3777,528.2569,-6.5958
2026-07-02,542.1834,4125.7002,4.0875,546.1856,569.0096,4.2097,BNM Kijang Emas (2026-09-29),5.6904,1.0607,533.0846,548.5067,574.3777,528.2569,-5.6051
2026-07-02,540.8967,4125.7002,4.0778,544.8894,567.6593,4.2097,BNM Kijang Emas (2026-09-29),-1.2867,-0.2373,534.5674,548.6068,574.3777,528.2569,-5.8291
2026-07-05,539.7029,4125.7002,4.0688,543.6868,566.4064,4.2097,BNM Kijang Emas (2026-09-29),-1.1938,-0.2207,536.1951,548.6772,574.3777,528.2569,-6.0369
2026-07-06,545.1709,4167.5,4.0688,549.1952,572.145,4.2097,BNM Kijang Emas (2026-09-29),5.468,1.0132,538.6114,548.3863,574.3777,528.2569,-5.0849
2026-07-06,547.0333,4167.5,4.0827,551.0714,574.0996,4.2097,BNM Kijang Emas (2026-09-29),1.8624,0.3416,541.0396,548.2415,574.3777,528.2569,-4.7607
2026-07-07,545.7076,4157.3999,4.0827,549.7358,572.7082,4.2097,BNM Kijang Emas (2026-09-29),-1.3258,-0.2424,542.4554,547.5634,574.3777,528.2569,-4.9915
2026-07-07,545.3601,4157.3999,4.0801,549.3858,572.3436,4.2097,BNM Kijang Emas (2026-09-29),-0.3475,-0.0637,543.7221,546.8653,574.3777,528.2569,-5.052
2026-07-08,535.5217,4082.3999,4.0801,539.4748,562.0184,4.2097,BNM Kijang Emas (2026-09-29),-9.8384,-1.804,542.7705,545.8272,574.3777,528.2569,-6.7649
2026-07-08,534.7604,4082.3999,4.0743,538.7079,561.2194,4.2097,BNM Kijang Emas (2026-09-29),-0.7613,-0.1422,541.8939,544.6764,574.3777,528.2569,-6.8974
2026-07-09,542.4103,4140.7998,4.0743,546.4142,569.2479,4.2097,BNM Kijang Emas (2026-09-29),7.6499,1.4305,542.2806,543.6629,574.3777,528.2569,-5.5656
2026-07-09,542.4503,4140.7998,4.0746,546.4545,569.2898,4.2097,BNM Kijang Emas (2026-09-29),0.04,0.0074,541.892,542.5987,564.5047,528.2569,-3.9068
2026-07-10,538.9002,4113.7002,4.0746,542.8782,565.5641,4.2097,BNM Kijang Emas (2026-09-29),-3.5501,-0.6545,540.7301,542.0082,564.5047,528.2569,-4.5357
2026-07-12,538.3579,4113.7002,4.0705,542.3319,564.995,4.2097,BNM Kijang Emas (2026-09-29),-0.5423,-0.1006,539.6802,541.229,564.5047,528.2569,-4.6318
2026-07-13,524.224,4005.7,4.0705,528.0937,550.1617,4.2097,BNM Kijang Emas (2026-09-29),-14.1339,-2.6254,536.6607,539.8863,560.2879,524.224,-6.4367
2026-07-13,523.9149,4005.7,4.0681,527.7823,549.8373,4.2097,BNM Kijang Emas (2026-09-29),-0.3091,-0.059,535.0026,538.7248,560.2879,523.9149,-6.4918
2026-07-14,532.2856,4069.7,4.0681,536.2148,558.6222,4.2097,BNM Kijang Emas (2026-09-29),8.3707,1.5977,534.6491,537.7914,553.1821,523.9149,-3.7775
2026-07-14,533.1099,4069.7,4.0744,537.0452,559.4873,4.2097,BNM Kijang Emas (2026-09-29),0.8243,0.1549,533.3204,537.1223,552.0082,523.9149,-3.4235
2026-07-15,530.7652,4051.8,4.0744,534.6831,557.0265,4.2097,BNM Kijang Emas (2026-09-29),-2.3448,-0.4398,531.6511,536.4142,547.0333,523.9149,-2.9739
2026-07-15,529.5537,4051.8,4.0651,533.4627,555.7551,4.2097,BNM Kijang Emas (2026-09-29),-1.2115,-0.2282,530.3159,536.2892,547.0333,523.9149,-3.1954
2026-07-16,521.7511,3992.1001,4.0651,525.6026,547.5665,4.2097,BNM Kijang Emas (2026-09-29),-7.8025,-1.4734,527.9435,535.9153,547.0333,521.7511,-4.6217
2026-07-16,522.3928,3992.1001,4.0701,526.249,548.2399,4.2097,BNM Kijang Emas (2026-09-29),0.6417,0.123,527.6819,535.3908,547.0333,521.7511,-4.5044
2026-07-17,525.8867,4018.8,4.0701,529.7687,551.9067,4.2097,BNM Kijang Emas (2026-09-29),3.4939,0.6688,527.9636,535.0644,547.0333,521.7511,-3.8657
2026-07-19,528.8843,4018.8,4.0933,532.7884,555.0526,4.2097,BNM Kijang Emas (2026-09-29),2.9976,0.57,527.4777,534.623,547.0333,521.7511,-3.3177
2026-07-20,528.5027,4015.8999,4.0933,532.4039,554.6521,4.2097,BNM Kijang Emas (2026-09-29),-0.3817,-0.0722,526.8195,534.3045,547.0333,521.7511,-3.3875
2026-07-20,528.0637,4015.8999,4.0899,531.9617,554.1914,4.2097,BNM Kijang Emas (2026-09-29),-0.439,-0.0831,526.4336,534.2228,547.0333,521.7511,-3.4677
2026-07-21,536.019,4076.3999,4.0899,539.9758,562.5403,4.2097,BNM Kijang Emas (2026-09-29),7.9553,1.5065,527.3572,534.4798,547.0333,521.7511,-2.0135
2026-07-21,535.5996,4076.3999,4.0867,539.5533,562.1002,4.2097,BNM Kijang Emas (2026-09-29),-0.4194,-0.0782,529.3356,534.7245,547.0333,521.7511,-2.0901
2026-07-22,545.5196,4151.8999,4.0867,549.5465,572.511,4.2097,BNM Kijang Emas (2026-09-29),9.92,1.8521,532.6394,535.2406,547.0333,521.7511,-0.2767
2026-07-22,545.6264,4151.8999,4.0875,549.6541,572.6231,4.2097,BNM Kijang Emas (2026-09-29),0.1068,0.0196,535.4593,535.5683,547.0333,521.7511,-0.2572
2026-07-23,532.2614,4050.2,4.0875,536.1904,558.5968,4.2097,BNM Kijang Emas (2026-09-29),-13.365,-2.4495,535.9418,535.4272,547.0333,521.7511,-2.7004
2026-07-23,532.027,4050.2,4.0857,535.9543,558.3508,4.2097,BNM Kijang Emas (2026-09-29),-0.2344,-0.044,536.4453,535.0887,547.0333,521.7511,-2.7432
2026-07-24,534.733,4070.8,4.0857,538.6802,561.1907,4.2097,BNM Kijang Emas (2026-09-29),2.706,0.5086,537.398,534.8832,547.0333,521.7511,-2.2486
2026-07-26,535.1649,4070.8,4.089,539.1154,561.644,4.2097,BNM Kijang Emas (2026-09-29),0.4319,0.0808,537.276,534.732,547.0333,521.7511,-2.1696
2026-07-27,535.98,4077.0,4.089,539.9364,562.4994,4.2097,BNM Kijang Emas (2026-09-29),0.8151,0.1523,537.3303,534.4256,547.0333,521.7511,-2.0206
2026-07-27,535.3377,4077.0,4.0841,539.2894,561.8252,4.2097,BNM Kijang Emas (2026-09-29),-0.6423,-0.1198,535.8758,534.0357,545.7076,521.7511,-1.9003
2026-07-28,530.3086,4038.7,4.0841,534.2232,556.5473,4.2097,BNM Kijang Emas (2026-09-29),-5.0291,-0.9394,533.6875,533.5224,545.6264,521.7511,-2.8074
2026-07-28,530.893,4038.7,4.0886,534.8119,557.1606,4.2097,BNM Kijang Emas (2026-09-29),0.5844,0.1102,533.492,533.0402,545.6264,521.7511,-2.7003
2026-07-29,530.5775,4036.3,4.0886,534.4941,556.8295,4.2097,BNM Kijang Emas (2026-09-29),-0.3155,-0.0594,533.2849,532.8754,545.6264,521.7511,-2.7581
2026-07-29,530.4217,4036.3,4.0874,534.3372,556.6661,4.2097,BNM Kijang Emas (2026-09-29),-0.1557,-0.0294,532.6691,532.7308,545.6264,521.7511,-2.7866
2026-07-30,538.8059,4100.1001,4.0874,542.7832,565.4651,4.2097,BNM Kijang Emas (2026-09-29),8.3841,1.5807,533.1892,532.6106,545.6264,521.7511,-1.25
2026-07-30,536.6704,4100.1001,4.0712,540.6319,563.2239,4.2097,BNM Kijang Emas (2026-09-29),-2.1355,-0.3963,533.2878,532.418,545.6264,521.7511,-1.6414
2026-07-31,537.5735,4107.0,4.0712,541.5417,564.1717,4.2097,BNM Kijang Emas (2026-09-29),0.9031,0.1683,533.6072,532.3737,545.6264,521.7511,-1.4759
2026-08-02,539.092,4107.0,4.0827,543.0714,565.7653,4.2097,BNM Kijang Emas (2026-09-29),1.5185,0.2825,534.862,532.3982,545.6264,521.7511,-1.1976
2026-08-03,536.9262,4090.5,4.0827,540.8896,563.4924,4.2097,BNM Kijang Emas (2026-09-29),-2.1658,-0.4018,535.7239,532.8216,545.6264,521.7511,-1.5945
2026-08-03,538.2939,4090.5,4.0931,542.2675,564.9278,4.2097,BNM Kijang Emas (2026-09-29),1.3678,0.2547,536.8262,533.3009,545.6264,521.7511,-1.3439
2026-08-04,546.4661,4152.6001,4.0931,550.4999,573.5043,4.2097,BNM Kijang Emas (2026-09-29),8.1721,1.5182,539.1183,533.7736,546.4661,521.7511,0.0
2026-08-04,546.6664,4152.6001,4.0946,550.7017,573.7145,4.2097,BNM Kijang Emas (2026-09-29),0.2003,0.0367,540.2412,534.2255,546.6664,521.7511,0.0
2026-08-05,566.7553,4305.2002,4.0946,570.9389,594.7974,4.2097,BNM Kijang Emas (2026-09-29),20.0889,3.6748,544.5391,535.4251,566.7553,521.7511,0.0
2026-08-05,566.3539,4305.2002,4.0917,570.5345,594.3761,4.2097,BNM Kijang Emas (2026-09-29),-0.4014,-0.0708,548.6505,536.6518,566.7553,521.7511,-0.0708
2026-08-06,565.6172,4299.6001,4.0917,569.7924,593.6029,4.2097,BNM Kijang Emas (2026-09-29),-0.7367,-0.1301,552.4398,538.114,566.7553,522.3928,-0.2008
2026-08-06,565.244,4299.6001,4.089,569.4164,593.2113,4.2097,BNM Kijang Emas (2026-09-29),-0.3732,-0.066,556.4852,539.5424,566.7553,525.8867,-0.2667
2026-08-07,578.4036,4399.7002,4.089,582.6732,607.022,4.2097,BNM Kijang Emas (2026-09-29),13.1596,2.3281,562.2152,541.2929,578.4036,528.0637,0.0
2026-08-09,578.2338,4399.7002,4.0878,582.5021,606.8438,4.2097,BNM Kijang Emas (2026-09-29),-0.1698,-0.0294,566.7534,542.9379,578.4036,528.0637,-0.0294
2026-08-10,580.8623,4419.7002,4.0878,585.1501,609.6024,4.2097,BNM Kijang Emas (2026-09-29),2.6285,0.4546,571.6386,544.6833,580.8623,528.0637,0.0
2026-08-10,581.0328,4419.7002,4.089,585.3219,609.7813,4.2097,BNM Kijang Emas (2026-09-29),0.1705,0.0294,573.6782,546.4489,581.0328,530.3086,0.0
2026-08-11,583.8462,4441.1001,4.089,588.1559,612.7339,4.2097,BNM Kijang Emas (2026-09-29),2.8133,0.4842,576.1771,548.0431,583.8462,530.3086,0.0
2026-08-11,583.9889,4441.1001,4.09,588.2998,612.8837,4.2097,BNM Kijang Emas (2026-09-29),0.1428,0.0245,578.8017,549.6561,583.9889,530.3086,0.0
2026-08-12,587.4604,4467.5,4.09,591.7969,616.527,4.2097,BNM Kijang Emas (2026-09-29),3.4715,0.5944,581.9754,551.0541,587.4604,530.3086,0.0
2026-08-12,586.4693,4467.5,4.0831,590.7985,615.4868,4.2097,BNM Kijang Emas (2026-09-29),-0.9911,-0.1687,583.1277,552.4156,587.4604,530.3086,-0.1687
2026-08-13,580.2863,4420.3999,4.0831,584.5698,608.9978,4.2097,BNM Kijang Emas (2026-09-29),-6.183,-1.0543,583.4209,554.0164,587.4604,530.3086,-1.2212
2026-08-13,580.4,4420.3999,4.0839,584.6843,609.1172,4.2097,BNM Kijang Emas (2026-09-29),0.1137,0.0196,583.3549,555.6288,587.4604,530.3086,-1.2019
2026-08-14,582.619,4437.2998,4.0839,586.9197,611.4459,4.2097,BNM Kijang Emas (2026-09-29),2.219,0.3823,583.5814,557.225,587.4604,530.3086,-0.8241
2026-08-16,582.5334,4437.2998,4.0833,586.8335,611.3561,4.2097,BNM Kijang Emas (2026-09-29),-0.0856,-0.0147,583.3939,558.804,587.4604,530.3086,-0.8387
2026-08-17,587.3121,4473.7002,4.0833,591.6474,616.3712,4.2097,BNM Kijang Emas (2026-09-29),4.7787,0.8203,583.8686,560.515,587.4604,530.3086,-0.0253
2026-08-17,583.7162,4473.7002,4.0583,588.025,612.5975,4.2097,BNM Kijang Emas (2026-09-29),-3.5958,-0.6123,583.3337,562.1277,587.4604,530.3086,-0.6374
2026-08-18,576.7879,4420.6001,4.0583,581.0455,605.3263,4.2097,BNM Kijang Emas (2026-09-29),-6.9284,-1.1869,581.9507,563.677,587.4604,530.4217,-1.8167
2026-08-18,576.6458,4420.6001,4.0573,580.9024,605.1772,4.2097,BNM Kijang Emas (2026-09-29),-0.1421,-0.0246,581.4306,565.2021,587.4604,530.4217,-1.8409
2026-08-19,592.9122,4545.2998,4.0573,597.2889,622.2485,4.2097,BNM Kijang Emas (2026-09-29),16.2665,2.8209,583.2181,567.2799,592.9122,530.4217,0.0
2026-08-19,591.1294,4545.2998,4.0451,595.4929,620.3775,4.2097,BNM Kijang Emas (2026-09-29),-1.7828,-0.3007,584.4338,569.3035,592.9122,536.6704,-0.3007
2026-08-20,594.5238,4571.3999,4.0451,598.9124,623.9398,4.2097,BNM Kijang Emas (2026-09-29),3.3944,0.5742,586.1468,571.1607,594.5238,536.6704,0.0
2026-08-20,594.1563,4571.3999,4.0426,598.5422,623.5542,4.2097,BNM Kijang Emas (2026-09-29),-0.3674,-0.0618,587.1245,573.0769,594.5238,536.9262,-0.0618
2026-08-21,608.3494,4680.6001,4.0426,612.84,638.4494,4.2097,BNM Kijang Emas (2026-09-29),14.193,2.3888,590.6435,575.4361,608.3494,536.9262,0.0
2026-08-23,607.7323,4680.6001,4.0385,612.2184,637.8019,4.2097,BNM Kijang Emas (2026-09-29),-0.617,-0.1014,595.0642,577.7241,608.3494,536.9262,-0.1014
2026-08-24,609.9656,4697.7998,4.0385,614.4681,640.1456,4.2097,BNM Kijang Emas (2026-09-29),2.2332,0.3675,599.8241,580.1588,609.9656,538.2939,0.0
2026-08-24,609.9807,4697.7998,4.0386,614.4834,640.1615,4.2097,BNM Kijang Emas (2026-09-29),0.0151,0.0025,602.2625,582.5483,609.9807,546.4661,0.0
2026-08-25,609.5522,4694.5,4.0386,614.0518,639.7118,4.2097,BNM Kijang Emas (2026-09-29),-0.4285,-0.0702,604.8943,584.6512,609.9807,546.6664,-0.0702
2026-08-25,609.6277,4694.5,4.0391,614.1278,639.791,4.2097,BNM Kijang Emas (2026-09-29),0.0755,0.0124,607.052,586.7499,609.9807,565.244,-0.0579
2026-08-26,604.2775,4653.2998,4.0391,608.7381,634.1761,4.2097,BNM Kijang Emas (2026-09-29),-5.3503,-0.8776,608.4979,588.0007,609.9807,565.244,-0.935
2026-08-26,602.0034,4653.2998,4.0239,606.4472,631.7895,4.2097,BNM Kijang Emas (2026-09-29),-2.274,-0.3763,607.5913,589.189,609.9807,565.244,-1.3078
2026-08-27,603.3877,4664.0,4.0239,607.8417,633.2423,4.2097,BNM Kijang Emas (2026-09-29),1.3843,0.2299,606.9707,590.448,609.9807,565.244,-1.0808
2026-08-27,604.3474,4664.0,4.0303,608.8085,634.2495,4.2097,BNM Kijang Emas (2026-09-29),0.9597,0.1591,606.1681,591.7515,609.9807,576.6458,-0.9235
2026-08-28,586.9711,4529.8999,4.0303,591.304,616.0134,4.2097,BNM Kijang Emas (2026-09-29),-17.3763,-2.8752,602.881,592.037,609.9807,576.6458,-3.7722
2026-08-30,585.9516,4529.8999,4.0233,590.277,614.9435,4.2097,BNM Kijang Emas (2026-09-29),-1.0195,-0.1737,599.5095,592.2943,609.9807,576.6458,-3.9393
2026-08-31,579.691,4481.5,4.0233,583.9701,608.3731,4.2097,BNM Kijang Emas (2026-09-29),-6.2606,-1.0685,595.2328,592.2553,609.9807,576.6458,-4.9657
2026-08-31,580.3105,4481.5,4.0276,584.5942,609.0233,4.2097,BNM Kijang Emas (2026-09-29),0.6195,0.1069,591.809,592.2312,609.9807,576.6458,-4.8641
2026-09-01,569.2909,4396.3999,4.0276,573.4932,597.4584,4.2097,BNM Kijang Emas (2026-09-29),-11.0196,-1.8989,587.1358,591.746,609.9807,569.2909,-6.6707
2026-09-01,571.0719,4396.3999,4.0402,575.2874,599.3276,4.2097,BNM Kijang Emas (2026-09-29),1.781,0.3129,582.5192,591.3154,609.9807,569.2909,-6.3787
2026-09-02,573.4361,4414.6001,4.0402,577.669,601.8087,4.2097,BNM Kijang Emas (2026-09-29),2.3641,0.414,578.1033,590.848,609.9807,569.2909,-5.9911
2026-09-02,573.0528,4414.6001,4.0375,577.2829,601.4064,4.2097,BNM Kijang Emas (2026-09-29),-0.3833,-0.0668,576.115,590.4007,609.9807,569.2909,-6.0539
2026-09-03,589.3178,4539.8999,4.0375,593.6679,618.4762,4.2097,BNM Kijang Emas (2026-09-29),16.265,2.8383,576.5959,590.7018,609.9807,569.2909,-3.3875
2026-09-03,589.7702,4539.8999,4.0406,594.1238,618.951,4.2097,BNM Kijang Emas (2026-09-29),0.4525,0.0768,578.0357,591.0141,609.9807,569.2909,-3.3133
2026-09-04,581.5471,4476.6001,4.0406,585.8399,610.321,4.2097,BNM Kijang Emas (2026-09-29),-8.2232,-1.3943,578.2124,590.9784,609.9807,569.2909,-4.6614
2026-09-06,581.7054,4476.6001,4.0417,585.9994,610.4872,4.2097,BNM Kijang Emas (2026-09-29),0.1583,0.0272,579.9859,590.9508,609.9807,569.2909,-4.6354
2026-09-07,581.9789,4476.6001,4.0436,586.2749,610.7742,4.2097,BNM Kijang Emas (2026-09-29),0.2735,0.047,581.544,590.773,609.9807,569.2909,-4.5906
2026-09-08,577.0907,4439.0,4.0436,581.3506,605.6441,4.2097,BNM Kijang Emas (2026-09-29),-4.8882,-0.8399,582.0661,590.5522,609.9807,569.2909,-5.392
2026-09-08,578.8033,4439.0,4.0556,583.0759,607.4415,4.2097,BNM Kijang Emas (2026-09-29),1.7126,0.2968,582.8876,590.6194,609.9807,569.2909,-5.1112
2026-09-09,581.6328,4460.7002,4.0556,585.9263,610.411,4.2097,BNM Kijang Emas (2026-09-29),2.8295,0.4889,581.7898,590.7856,609.9807,569.2909,-4.6473
2026-09-09,582.9379,4460.7002,4.0647,587.241,611.7806,4.2097,BNM Kijang Emas (2026-09-29),1.3051,0.2244,580.8137,590.4531,609.9807,569.2909,-4.4334
2026-09-10,575.9594,4407.2998,4.0647,580.2109,604.4568,4.2097,BNM Kijang Emas (2026-09-29),-6.9785,-1.1971,580.0155,589.9475,609.9807,569.2909,-5.5774
2026-09-10,575.8177,4407.2998,4.0637,580.0682,604.3081,4.2097,BNM Kijang Emas (2026-09-29),-0.1417,-0.0246,579.1744,589.3239,609.9807,569.2909,-5.6007
2026-09-11,576.0267,4408.8999,4.0637,580.2788,604.5275,4.2097,BNM Kijang Emas (2026-09-29),0.2091,0.0363,578.3241,588.7196,609.9807,569.2909,-5.5664
2026-09-13,572.9649,4408.8999,4.0421,577.1944,601.3142,4.2097,BNM Kijang Emas (2026-09-29),-3.0618,-0.5315,577.7347,587.5401,609.9807,569.2909,-6.0684
2026-09-14,565.5574,4351.8999,4.0421,569.7322,593.5402,4.2097,BNM Kijang Emas (2026-09-29),-7.4075,-1.2928,575.8424,586.1343,609.9807,565.5574,-7.2827
2026-09-14,565.5574,4351.8999,4.0421,569.7322,593.5402,4.2097,BNM Kijang Emas (2026-09-29),0.0,0.0,573.5459,584.654,609.9807,565.5574,-7.2827
2026-09-15,563.0752,4332.7998,4.0421,567.2317,590.9352,4.2097,BNM Kijang Emas (2026-09-29),-2.4822,-0.4389,570.7084,583.0905,609.6277,563.0752,-7.6362
2026-09-15,563.0613,4332.7998,4.042,567.2176,590.9206,4.2097,BNM Kijang Emas (2026-09-29),-0.0139,-0.0025,568.8658,581.5408,609.6277,563.0613,-7.6385
2026-09-16,570.1697,4387.5,4.042,574.3786,598.3807,4.2097,BNM Kijang Emas (2026-09-29),7.1085,1.2625,568.0589,580.2255,604.3474,563.0613,-5.6553
2026-09-16,574.6555,4387.5,4.0738,578.8975,603.0885,4.2097,BNM Kijang Emas (2026-09-29),4.4858,0.7867,567.8631,579.2381,604.3474,563.0613,-4.9131
2026-09-17,576.2534,4399.7002,4.0738,580.5072,604.7655,4.2097,BNM Kijang Emas (2026-09-29),1.5979,0.2781,568.3329,578.3798,604.3474,563.0613,-4.6486
2026-09-17,579.5918,4399.7002,4.0974,583.8701,608.269,4.2097,BNM Kijang Emas (2026-09-29),3.3383,0.5793,570.3378,577.5866,604.3474,563.0613,-4.0963
2026-09-18,582.9114,4424.8999,4.0974,587.2143,611.7529,4.2097,BNM Kijang Emas (2026-09-29),3.3197,0.5728,572.8169,576.8721,589.7702,563.0613,-1.163
2026-09-20,580.5925,4424.8999,4.0811,584.8783,609.3192,4.2097,BNM Kijang Emas (2026-09-29),-2.3189,-0.3978,575.3194,576.6594,589.7702,563.0613,-1.5562
2026-09-21,575.2129,4383.8999,4.0811,579.4589,603.6734,4.2097,BNM Kijang Emas (2026-09-29),-5.3796,-0.9266,577.0553,576.3015,589.7702,563.0613,-2.4683
2026-09-21,574.3954,4383.8999,4.0753,578.6354,602.8155,4.2097,BNM Kijang Emas (2026-09-29),-0.8175,-0.1421,577.659,576.125,589.7702,563.0613,-2.6069
2026-09-22,573.4128,4376.3999,4.0753,577.6455,601.7842,4.2097,BNM Kijang Emas (2026-09-29),-0.9827,-0.1711,577.4815,575.895,589.7702,563.0613,-2.7735
2026-09-22,573.0469,4376.3999,4.0727,577.277,601.4003,4.2097,BNM Kijang Emas (2026-09-29),-0.3659,-0.0638,577.0234,576.0202,589.7702,563.0613,-2.8356
2026-09-23,565.4524,4318.3999,4.0727,569.6264,593.43,4.2097,BNM Kijang Emas (2026-09-29),-7.5945,-1.3253,575.0035,575.8329,589.7702,563.0613,-4.1233
2026-09-23,567.5072,4318.3999,4.0875,571.6964,595.5865,4.2097,BNM Kijang Emas (2026-09-29),2.0548,0.3634,572.8029,575.6353,589.7702,563.0613,-3.7749
2026-09-24,564.8263,4298.0,4.0875,568.9957,592.7729,4.2097,BNM Kijang Emas (2026-09-29),-2.6809,-0.4724,570.5505,575.3611,589.7702,563.0613,-4.2294
2026-09-24,564.1768,4298.0,4.0828,568.3414,592.0913,4.2097,BNM Kijang Emas (2026-09-29),-0.6495,-0.115,568.974,574.523,589.7702,563.0613,-4.3396
2026-09-25,567.2222,4321.2002,4.0828,571.4093,595.2874,4.2097,BNM Kijang Emas (2026-09-29),3.0454,0.5398,567.9492,573.7714,582.9379,563.0613,-2.6959
2026-09-27,565.7913,4321.2002,4.0725,569.9678,593.7856,4.2097,BNM Kijang Emas (2026-09-29),-1.4309,-0.2523,566.8604,573.2462,582.9379,563.0613,-2.9414
2026-09-28,566.6943,4321.2002,4.079,570.8775,594.7333,4.2097,BNM Kijang Emas (2026-09-29),0.903,0.1596,565.9529,572.7459,582.9379,563.0613,-2.7865
2026-09-29,547.5999,4175.6001,4.079,551.6421,574.6942,4.2097,BNM Kijang Emas (2026-09-29),-19.0944,-3.3694,563.4026,571.5999,582.9379,547.5999,-6.0621
